protein_variant,am_pathogenicity,am_class
M1A,0.5822,LPath
M1C,0.5904,LPath
M1D,0.9559,LPath
M1E,0.8082,LPath
M1F,0.3679,Amb
M1G,0.7472,LPath
M1H,0.8768,LPath
M1I,0.7872,LPath
M1K,0.7653,LPath
M1L,0.2833,LBen
M1N,0.8858,LPath
M1P,0.8068,LPath
M1Q,0.6089,LPath
M1R,0.6705,LPath
M1S,0.7077,LPath
M1T,0.742,LPath
M1V,0.2146,LBen
M1W,0.7411,LPath
M1Y,0.797,LPath
A2C,0.7413,LPath
A2D,0.3885,Amb
A2E,0.3481,Amb
A2F,0.5869,LPath
A2G,0.1628,LBen
A2H,0.7063,LPath
A2I,0.8239,LPath
A2K,0.7096,LPath
A2L,0.5377,Amb
A2M,0.8017,LPath
A2N,0.4473,Amb
A2P,0.2409,LBen
A2Q,0.5465,Amb
A2R,0.5166,Amb
A2S,0.1663,LBen
A2T,0.3946,Amb
A2V,0.6405,LPath
A2W,0.8612,LPath
A2Y,0.6614,LPath
S3A,0.103,LBen
S3C,0.2148,LBen
S3D,0.444,Amb
S3E,0.4356,Amb
S3F,0.3066,LBen
S3G,0.1257,LBen
S3H,0.6153,LPath
S3I,0.5071,Amb
S3K,0.8034,LPath
S3L,0.3302,LBen
S3M,0.5193,Amb
S3N,0.4415,Amb
S3P,0.2141,LBen
S3Q,0.6327,LPath
S3R,0.7036,LPath
S3T,0.1415,LBen
S3V,0.4193,Amb
S3W,0.3428,Amb
S3Y,0.3563,Amb
G4A,0.1289,LBen
G4C,0.2543,LBen
G4D,0.1551,LBen
G4E,0.1518,LBen
G4F,0.4511,Amb
G4H,0.3803,Amb
G4I,0.3135,LBen
G4K,0.4506,Amb
G4L,0.3541,Amb
G4M,0.5479,Amb
G4N,0.3225,LBen
G4P,0.4353,Amb
G4Q,0.2876,LBen
G4R,0.2601,LBen
G4S,0.1326,LBen
G4T,0.1828,LBen
G4V,0.1974,LBen
G4W,0.3348,LBen
G4Y,0.3837,Amb
Q5A,0.1235,LBen
Q5C,0.5327,Amb
Q5D,0.1807,LBen
Q5E,0.0681,LBen
Q5F,0.5011,Amb
Q5G,0.1323,LBen
Q5H,0.2177,LBen
Q5I,0.3432,Amb
Q5K,0.1239,LBen
Q5L,0.1414,LBen
Q5M,0.3588,Amb
Q5N,0.1992,LBen
Q5P,0.0752,LBen
Q5R,0.1056,LBen
Q5S,0.1491,LBen
Q5T,0.1575,LBen
Q5V,0.2238,LBen
Q5W,0.4275,Amb
Q5Y,0.3947,Amb
G6A,0.1368,LBen
G6C,0.1831,LBen
G6D,0.165,LBen
G6E,0.1497,LBen
G6F,0.3533,Amb
G6H,0.4013,Amb
G6I,0.2037,LBen
G6K,0.4648,Amb
G6L,0.276,LBen
G6M,0.3907,Amb
G6N,0.307,LBen
G6P,0.3944,Amb
G6Q,0.3399,LBen
G6R,0.382,Amb
G6S,0.1568,LBen
G6T,0.1748,LBen
G6V,0.1274,LBen
G6W,0.3738,Amb
G6Y,0.2894,LBen
P7A,0.0787,LBen
P7C,0.3253,LBen
P7D,0.2293,LBen
P7E,0.1528,LBen
P7F,0.3132,LBen
P7G,0.1498,LBen
P7H,0.1745,LBen
P7I,0.275,LBen
P7K,0.2465,LBen
P7L,0.1399,LBen
P7M,0.3378,LBen
P7N,0.2593,LBen
P7Q,0.1371,LBen
P7R,0.1139,LBen
P7S,0.1126,LBen
P7T,0.1045,LBen
P7V,0.1822,LBen
P7W,0.3751,Amb
P7Y,0.3247,LBen
G8A,0.1323,LBen
G8C,0.2491,LBen
G8D,0.245,LBen
G8E,0.1898,LBen
G8F,0.3827,Amb
G8H,0.4956,Amb
G8I,0.2356,LBen
G8K,0.5368,Amb
G8L,0.2698,LBen
G8M,0.4522,Amb
G8N,0.4448,Amb
G8P,0.3827,Amb
G8Q,0.3842,Amb
G8R,0.3838,Amb
G8S,0.1714,LBen
G8T,0.2027,LBen
G8V,0.145,LBen
G8W,0.3636,Amb
G8Y,0.3972,Amb
P9A,0.0878,LBen
P9C,0.3151,LBen
P9D,0.2505,LBen
P9E,0.1644,LBen
P9F,0.2065,LBen
P9G,0.1699,LBen
P9H,0.1508,LBen
P9I,0.1897,LBen
P9K,0.2353,LBen
P9L,0.1081,LBen
P9M,0.2612,LBen
P9N,0.2571,LBen
P9Q,0.13,LBen
P9R,0.1249,LBen
P9S,0.1124,LBen
P9T,0.1125,LBen
P9V,0.1421,LBen
P9W,0.3433,Amb
P9Y,0.2489,LBen
P10A,0.071,LBen
P10C,0.3175,LBen
P10D,0.2032,LBen
P10E,0.1284,LBen
P10F,0.2867,LBen
P10G,0.137,LBen
P10H,0.1499,LBen
P10I,0.2291,LBen
P10K,0.2072,LBen
P10L,0.1128,LBen
P10M,0.3045,LBen
P10N,0.2409,LBen
P10Q,0.1082,LBen
P10R,0.0997,LBen
P10S,0.0935,LBen
P10T,0.1031,LBen
P10V,0.1451,LBen
P10W,0.3309,LBen
P10Y,0.2924,LBen
R11A,0.0904,LBen
R11C,0.1431,LBen
R11D,0.1585,LBen
R11E,0.0971,LBen
R11F,0.2363,LBen
R11G,0.0544,LBen
R11H,0.1116,LBen
R11I,0.1367,LBen
R11K,0.0885,LBen
R11L,0.0964,LBen
R11M,0.1689,LBen
R11N,0.2076,LBen
R11P,0.0857,LBen
R11Q,0.0749,LBen
R11S,0.1156,LBen
R11T,0.0908,LBen
R11V,0.1238,LBen
R11W,0.1299,LBen
R11Y,0.2184,LBen
Q12A,0.0966,LBen
Q12C,0.4042,Amb
Q12D,0.1301,LBen
Q12E,0.0527,LBen
Q12F,0.4326,Amb
Q12G,0.0937,LBen
Q12H,0.1574,LBen
Q12I,0.248,LBen
Q12K,0.0847,LBen
Q12L,0.0993,LBen
Q12M,0.2521,LBen
Q12N,0.1717,LBen
Q12P,0.0582,LBen
Q12R,0.0786,LBen
Q12S,0.1215,LBen
Q12T,0.1131,LBen
Q12V,0.1416,LBen
Q12W,0.2576,LBen
Q12Y,0.3107,LBen
E13A,0.0773,LBen
E13C,0.4162,Amb
E13D,0.0675,LBen
E13F,0.3517,Amb
E13G,0.0543,LBen
E13H,0.1943,LBen
E13I,0.1999,LBen
E13K,0.1298,LBen
E13L,0.1932,LBen
E13M,0.3072,LBen
E13N,0.1309,LBen
E13P,0.1412,LBen
E13Q,0.0948,LBen
E13R,0.1363,LBen
E13S,0.1021,LBen
E13T,0.1146,LBen
E13V,0.1141,LBen
E13W,0.4864,Amb
E13Y,0.2562,LBen
C14A,0.1739,LBen
C14D,0.1802,LBen
C14E,0.2522,LBen
C14F,0.1494,LBen
C14G,0.0764,LBen
C14H,0.303,LBen
C14I,0.3076,LBen
C14K,0.3878,Amb
C14L,0.308,LBen
C14M,0.4297,Amb
C14N,0.225,LBen
C14P,0.2333,LBen
C14Q,0.2953,LBen
C14R,0.1923,LBen
C14S,0.1598,LBen
C14T,0.2174,LBen
C14V,0.255,LBen
C14W,0.2837,LBen
C14Y,0.1897,LBen
G15A,0.0844,LBen
G15C,0.1566,LBen
G15D,0.0924,LBen
G15E,0.0635,LBen
G15F,0.3135,LBen
G15H,0.1708,LBen
G15I,0.1656,LBen
G15K,0.1276,LBen
G15L,0.1718,LBen
G15M,0.2404,LBen
G15N,0.1807,LBen
G15P,0.1871,LBen
G15Q,0.1053,LBen
G15R,0.0957,LBen
G15S,0.0944,LBen
G15T,0.0913,LBen
G15V,0.1021,LBen
G15W,0.1669,LBen
G15Y,0.2398,LBen
E16A,0.089,LBen
E16C,0.4442,Amb
E16D,0.0778,LBen
E16F,0.3208,LBen
E16G,0.0716,LBen
E16H,0.1738,LBen
E16I,0.1769,LBen
E16K,0.0832,LBen
E16L,0.1555,LBen
E16M,0.2289,LBen
E16N,0.139,LBen
E16P,0.1523,LBen
E16Q,0.0798,LBen
E16R,0.1098,LBen
E16S,0.1081,LBen
E16T,0.1121,LBen
E16V,0.11,LBen
E16W,0.4752,Amb
E16Y,0.2567,LBen
P17A,0.0511,LBen
P17C,0.2367,LBen
P17D,0.1157,LBen
P17E,0.0858,LBen
P17F,0.2055,LBen
P17G,0.1014,LBen
P17H,0.0977,LBen
P17I,0.1502,LBen
P17K,0.1151,LBen
P17L,0.0776,LBen
P17M,0.1568,LBen
P17N,0.1318,LBen
P17Q,0.0827,LBen
P17R,0.0778,LBen
P17S,0.073,LBen
P17T,0.0582,LBen
P17V,0.0993,LBen
P17W,0.2309,LBen
P17Y,0.1932,LBen
A18C,0.2432,LBen
A18D,0.0762,LBen
A18E,0.0857,LBen
A18F,0.1429,LBen
A18G,0.0779,LBen
A18H,0.161,LBen
A18I,0.1345,LBen
A18K,0.1706,LBen
A18L,0.0948,LBen
A18M,0.1658,LBen
A18N,0.1207,LBen
A18P,0.0688,LBen
A18Q,0.122,LBen
A18R,0.1236,LBen
A18S,0.0715,LBen
A18T,0.0716,LBen
A18V,0.0788,LBen
A18W,0.2966,LBen
A18Y,0.187,LBen
L19A,0.0584,LBen
L19C,0.1766,LBen
L19D,0.1305,LBen
L19E,0.0781,LBen
L19F,0.0806,LBen
L19G,0.1086,LBen
L19H,0.0803,LBen
L19I,0.079,LBen
L19K,0.0952,LBen
L19M,0.0947,LBen
L19N,0.1169,LBen
L19P,0.0442,LBen
L19Q,0.0588,LBen
L19R,0.0621,LBen
L19S,0.0636,LBen
L19T,0.0682,LBen
L19V,0.0585,LBen
L19W,0.0995,LBen
L19Y,0.1496,LBen
P20A,0.0605,LBen
P20C,0.1968,LBen
P20D,0.175,LBen
P20E,0.1345,LBen
P20F,0.2163,LBen
P20G,0.127,LBen
P20H,0.1048,LBen
P20I,0.1693,LBen
P20K,0.1835,LBen
P20L,0.0873,LBen
P20M,0.2297,LBen
P20N,0.1755,LBen
P20Q,0.1028,LBen
P20R,0.0932,LBen
P20S,0.0695,LBen
P20T,0.0709,LBen
P20V,0.1163,LBen
P20W,0.2389,LBen
P20Y,0.1887,LBen
S21A,0.0618,LBen
S21C,0.1187,LBen
S21D,0.2054,LBen
S21E,0.2226,LBen
S21F,0.1536,LBen
S21G,0.0796,LBen
S21H,0.2681,LBen
S21I,0.1647,LBen
S21K,0.4314,Amb
S21L,0.0924,LBen
S21M,0.2008,LBen
S21N,0.1705,LBen
S21P,0.0715,LBen
S21Q,0.3127,LBen
S21R,0.34,Amb
S21T,0.0788,LBen
S21V,0.1251,LBen
S21W,0.1972,LBen
S21Y,0.1641,LBen
A22C,0.2786,LBen
A22D,0.0946,LBen
A22E,0.1042,LBen
A22F,0.169,LBen
A22G,0.0908,LBen
A22H,0.1873,LBen
A22I,0.1394,LBen
A22K,0.182,LBen
A22L,0.1012,LBen
A22M,0.1668,LBen
A22N,0.1361,LBen
A22P,0.0677,LBen
A22Q,0.1431,LBen
A22R,0.139,LBen
A22S,0.0768,LBen
A22T,0.0661,LBen
A22V,0.0845,LBen
A22W,0.3275,LBen
A22Y,0.2257,LBen
S23A,0.0603,LBen
S23C,0.1345,LBen
S23D,0.227,LBen
S23E,0.2294,LBen
S23F,0.2048,LBen
S23G,0.0933,LBen
S23H,0.3304,LBen
S23I,0.2121,LBen
S23K,0.4768,Amb
S23L,0.1051,LBen
S23M,0.217,LBen
S23N,0.2025,LBen
S23P,0.0834,LBen
S23Q,0.3179,LBen
S23R,0.3819,Amb
S23T,0.078,LBen
S23V,0.1544,LBen
S23W,0.2123,LBen
S23Y,0.2203,LBen
E24A,0.2785,LBen
E24C,0.9297,LPath
E24D,0.6792,LPath
E24F,0.9314,LPath
E24G,0.3857,Amb
E24H,0.846,LPath
E24I,0.6655,LPath
E24K,0.4297,Amb
E24L,0.6879,LPath
E24M,0.7401,LPath
E24N,0.86,LPath
E24P,0.6645,LPath
E24Q,0.2879,LBen
E24R,0.4784,Amb
E24S,0.5643,LPath
E24T,0.4812,Amb
E24V,0.36,Amb
E24W,0.9579,LPath
E24Y,0.8955,LPath
E25A,0.0945,LBen
E25C,0.7014,LPath
E25D,0.1301,LBen
E25F,0.5482,Amb
E25G,0.0975,LBen
E25H,0.3133,LBen
E25I,0.2302,LBen
E25K,0.1066,LBen
E25L,0.1945,LBen
E25M,0.2905,LBen
E25N,0.2209,LBen
E25P,0.4866,Amb
E25Q,0.0853,LBen
E25R,0.1363,LBen
E25S,0.1758,LBen
E25T,0.1594,LBen
E25V,0.1214,LBen
E25W,0.6719,LPath
E25Y,0.4097,Amb
Q26A,0.1344,LBen
Q26C,0.6448,LPath
Q26D,0.2495,LBen
Q26E,0.073,LBen
Q26F,0.6801,LPath
Q26G,0.1967,LBen
Q26H,0.2822,LBen
Q26I,0.2881,LBen
Q26K,0.0953,LBen
Q26L,0.1279,LBen
Q26M,0.2832,LBen
Q26N,0.2886,LBen
Q26P,0.2045,LBen
Q26R,0.0985,LBen
Q26S,0.2498,LBen
Q26T,0.1528,LBen
Q26V,0.1777,LBen
Q26W,0.4793,Amb
Q26Y,0.516,Amb
V27A,0.6338,LPath
V27C,0.9819,LPath
V27D,0.8983,LPath
V27E,0.848,LPath
V27F,0.8738,LPath
V27G,0.6386,LPath
V27H,0.9839,LPath
V27I,0.2828,LBen
V27K,0.9519,LPath
V27L,0.8539,LPath
V27M,0.8085,LPath
V27N,0.9218,LPath
V27P,0.9312,LPath
V27Q,0.9231,LPath
V27R,0.9248,LPath
V27S,0.8564,LPath
V27T,0.6947,LPath
V27W,0.9899,LPath
V27Y,0.9744,LPath
A28C,0.4546,Amb
A28D,0.6587,LPath
A28E,0.3735,Amb
A28F,0.3635,Amb
A28G,0.1795,LBen
A28H,0.602,LPath
A28I,0.2046,LBen
A28K,0.4839,Amb
A28L,0.1989,LBen
A28M,0.2784,LBen
A28N,0.5499,Amb
A28P,0.7186,LPath
A28Q,0.3477,Amb
A28R,0.3331,LBen
A28S,0.1365,LBen
A28T,0.1264,LBen
A28V,0.0995,LBen
A28W,0.7332,LPath
A28Y,0.5583,Amb
Q29A,0.1201,LBen
Q29C,0.32,LBen
Q29D,0.2938,LBen
Q29E,0.0706,LBen
Q29F,0.4762,Amb
Q29G,0.1323,LBen
Q29H,0.1607,LBen
Q29I,0.2926,LBen
Q29K,0.0852,LBen
Q29L,0.097,LBen
Q29M,0.2749,LBen
Q29N,0.2768,LBen
Q29P,0.3043,LBen
Q29R,0.0555,LBen
Q29S,0.1932,LBen
Q29T,0.1623,LBen
Q29V,0.1834,LBen
Q29W,0.1866,LBen
Q29Y,0.3514,Amb
D30A,0.3059,LBen
D30C,0.8707,LPath
D30E,0.2165,LBen
D30F,0.8494,LPath
D30G,0.4075,Amb
D30H,0.5533,Amb
D30I,0.7513,LPath
D30K,0.7418,LPath
D30L,0.6953,LPath
D30M,0.8225,LPath
D30N,0.2449,LBen
D30P,0.9601,LPath
D30Q,0.4208,Amb
D30R,0.7715,LPath
D30S,0.3393,LBen
D30T,0.5907,LPath
D30V,0.4869,Amb
D30W,0.9625,LPath
D30Y,0.4804,Amb
T31A,0.1479,LBen
T31C,0.7322,LPath
T31D,0.9549,LPath
T31E,0.9405,LPath
T31F,0.9381,LPath
T31G,0.449,Amb
T31H,0.9346,LPath
T31I,0.9099,LPath
T31K,0.9357,LPath
T31L,0.6365,LPath
T31M,0.3328,LBen
T31N,0.7978,LPath
T31P,0.91,LPath
T31Q,0.8775,LPath
T31R,0.879,LPath
T31S,0.2858,LBen
T31V,0.6676,LPath
T31W,0.9847,LPath
T31Y,0.965,LPath
E32A,0.1673,LBen
E32C,0.9328,LPath
E32D,0.504,Amb
E32F,0.903,LPath
E32G,0.2514,LBen
E32H,0.7439,LPath
E32I,0.6348,LPath
E32K,0.1994,LBen
E32L,0.538,Amb
E32M,0.6438,LPath
E32N,0.6995,LPath
E32P,0.7858,LPath
E32Q,0.1955,LBen
E32R,0.2863,LBen
E32S,0.4298,Amb
E32T,0.4159,Amb
E32V,0.3413,Amb
E32W,0.9469,LPath
E32Y,0.8676,LPath
E33A,0.1254,LBen
E33C,0.8884,LPath
E33D,0.1532,LBen
E33F,0.8241,LPath
E33G,0.216,LBen
E33H,0.6572,LPath
E33I,0.5089,Amb
E33K,0.3415,Amb
E33L,0.4366,Amb
E33M,0.5065,Amb
E33N,0.3665,Amb
E33P,0.8124,LPath
E33Q,0.2308,LBen
E33R,0.4571,Amb
E33S,0.309,LBen
E33T,0.3039,LBen
E33V,0.2591,LBen
E33W,0.9172,LPath
E33Y,0.7036,LPath
V34A,0.8562,LPath
V34C,0.9804,LPath
V34D,0.964,LPath
V34E,0.9521,LPath
V34F,0.9272,LPath
V34G,0.7412,LPath
V34H,0.994,LPath
V34I,0.2484,LBen
V34K,0.9813,LPath
V34L,0.8765,LPath
V34M,0.9073,LPath
V34N,0.9501,LPath
V34P,0.9746,LPath
V34Q,0.9782,LPath
V34R,0.9631,LPath
V34S,0.9363,LPath
V34T,0.8783,LPath
V34W,0.9967,LPath
V34Y,0.9803,LPath
F35A,0.9774,LPath
F35C,0.9324,LPath
F35D,0.9968,LPath
F35E,0.9952,LPath
F35G,0.9885,LPath
F35H,0.9884,LPath
F35I,0.7075,LPath
F35K,0.9965,LPath
F35L,0.966,LPath
F35M,0.9238,LPath
F35N,0.9931,LPath
F35P,0.9986,LPath
F35Q,0.9919,LPath
F35R,0.9859,LPath
F35S,0.9807,LPath
F35T,0.9802,LPath
F35V,0.7189,LPath
F35W,0.8804,LPath
F35Y,0.7062,LPath
R36A,0.3188,LBen
R36C,0.0949,LBen
R36D,0.5742,LPath
R36E,0.3075,LBen
R36F,0.3644,Amb
R36G,0.2157,LBen
R36H,0.0852,LBen
R36I,0.297,LBen
R36K,0.2221,LBen
R36L,0.1483,LBen
R36M,0.4055,Amb
R36N,0.4719,Amb
R36P,0.8085,LPath
R36Q,0.094,LBen
R36S,0.3384,LBen
R36T,0.2812,LBen
R36V,0.3131,LBen
R36W,0.1362,LBen
R36Y,0.2261,LBen
S37A,0.2847,LBen
S37C,0.2768,LBen
S37D,0.7321,LPath
S37E,0.8883,LPath
S37F,0.7964,LPath
S37G,0.2278,LBen
S37H,0.6941,LPath
S37I,0.8674,LPath
S37K,0.9854,LPath
S37L,0.6402,LPath
S37M,0.7855,LPath
S37N,0.4083,Amb
S37P,0.9716,LPath
S37Q,0.8736,LPath
S37R,0.9538,LPath
S37T,0.3439,Amb
S37V,0.8305,LPath
S37W,0.7351,LPath
S37Y,0.618,LPath
Y38A,0.9749,LPath
Y38C,0.8808,LPath
Y38D,0.9635,LPath
Y38E,0.9942,LPath
Y38F,0.2425,LBen
Y38G,0.9664,LPath
Y38H,0.9511,LPath
Y38I,0.9675,LPath
Y38K,0.9964,LPath
Y38L,0.9107,LPath
Y38M,0.9703,LPath
Y38N,0.9579,LPath
Y38P,0.9932,LPath
Y38Q,0.9949,LPath
Y38R,0.9858,LPath
Y38S,0.9285,LPath
Y38T,0.9742,LPath
Y38V,0.9049,LPath
Y38W,0.6531,LPath
V39A,0.3888,Amb
V39C,0.8278,LPath
V39D,0.983,LPath
V39E,0.9615,LPath
V39F,0.7638,LPath
V39G,0.6852,LPath
V39H,0.9858,LPath
V39I,0.1805,LBen
V39K,0.9854,LPath
V39L,0.6263,LPath
V39M,0.6009,LPath
V39N,0.9541,LPath
V39P,0.9816,LPath
V39Q,0.9444,LPath
V39R,0.9433,LPath
V39S,0.7166,LPath
V39T,0.6622,LPath
V39W,0.9891,LPath
V39Y,0.9627,LPath
F40A,0.5559,Amb
F40C,0.3207,LBen
F40D,0.7987,LPath
F40E,0.8321,LPath
F40G,0.7419,LPath
F40H,0.4523,Amb
F40I,0.3582,Amb
F40K,0.8643,LPath
F40L,0.8431,LPath
F40M,0.6894,LPath
F40N,0.6712,LPath
F40P,0.9892,LPath
F40Q,0.7136,LPath
F40R,0.6098,LPath
F40S,0.445,Amb
F40T,0.6503,LPath
F40V,0.321,LBen
F40W,0.3908,Amb
F40Y,0.1001,LBen
Y41A,0.5948,LPath
Y41C,0.2016,LBen
Y41D,0.4995,Amb
Y41E,0.6614,LPath
Y41F,0.1057,LBen
Y41G,0.6485,LPath
Y41H,0.0962,LBen
Y41I,0.6037,LPath
Y41K,0.766,LPath
Y41L,0.5069,Amb
Y41M,0.7832,LPath
Y41N,0.3964,Amb
Y41P,0.9255,LPath
Y41Q,0.453,Amb
Y41R,0.4589,Amb
Y41S,0.3301,LBen
Y41T,0.6281,LPath
Y41V,0.518,Amb
Y41W,0.3149,LBen
R42A,0.7453,LPath
R42C,0.1967,LBen
R42D,0.9376,LPath
R42E,0.7685,LPath
R42F,0.8286,LPath
R42G,0.6695,LPath
R42H,0.2299,LBen
R42I,0.56,Amb
R42K,0.4582,Amb
R42L,0.2908,LBen
R42M,0.7684,LPath
R42N,0.889,LPath
R42P,0.9449,LPath
R42Q,0.2365,LBen
R42S,0.7963,LPath
R42T,0.7325,LPath
R42V,0.5838,LPath
R42W,0.4352,Amb
R42Y,0.6625,LPath
H43A,0.7129,LPath
H43C,0.4002,Amb
H43D,0.71,LPath
H43E,0.7306,LPath
H43F,0.3635,Amb
H43G,0.7431,LPath
H43I,0.6664,LPath
H43K,0.675,LPath
H43L,0.2628,LBen
H43M,0.7745,LPath
H43N,0.4195,Amb
H43P,0.8564,LPath
H43Q,0.48,Amb
H43R,0.2873,LBen
H43S,0.6382,LPath
H43T,0.8004,LPath
H43V,0.6025,LPath
H43W,0.3889,Amb
H43Y,0.098,LBen
Q44A,0.2223,LBen
Q44C,0.3853,Amb
Q44D,0.5117,Amb
Q44E,0.1044,LBen
Q44F,0.6639,LPath
Q44G,0.2076,LBen
Q44H,0.2075,LBen
Q44I,0.4008,Amb
Q44K,0.1118,LBen
Q44L,0.1378,LBen
Q44M,0.3769,Amb
Q44N,0.4095,Amb
Q44P,0.5416,Amb
Q44R,0.0705,LBen
Q44S,0.2979,LBen
Q44T,0.2443,LBen
Q44V,0.2574,LBen
Q44W,0.337,LBen
Q44Y,0.4538,Amb
Q45A,0.243,LBen
Q45C,0.6779,LPath
Q45D,0.5888,LPath
Q45E,0.0966,LBen
Q45F,0.8359,LPath
Q45G,0.3256,LBen
Q45H,0.4406,Amb
Q45I,0.4368,Amb
Q45K,0.1225,LBen
Q45L,0.1311,LBen
Q45M,0.3581,Amb
Q45N,0.5036,Amb
Q45P,0.6426,LPath
Q45R,0.1172,LBen
Q45S,0.4384,Amb
Q45T,0.2947,LBen
Q45V,0.269,LBen
Q45W,0.625,LPath
Q45Y,0.7001,LPath
E46A,0.4688,Amb
E46C,0.9533,LPath
E46D,0.4759,Amb
E46F,0.952,LPath
E46G,0.4687,Amb
E46H,0.8588,LPath
E46I,0.8223,LPath
E46K,0.6752,LPath
E46L,0.7333,LPath
E46M,0.8236,LPath
E46N,0.7792,LPath
E46P,0.9612,LPath
E46Q,0.3739,Amb
E46R,0.6958,LPath
E46S,0.7066,LPath
E46T,0.7412,LPath
E46V,0.6154,LPath
E46W,0.9761,LPath
E46Y,0.9126,LPath
Q47A,0.189,LBen
Q47C,0.5919,LPath
Q47D,0.4871,Amb
Q47E,0.085,LBen
Q47F,0.7537,LPath
Q47G,0.2118,LBen
Q47H,0.3546,Amb
Q47I,0.3358,LBen
Q47K,0.0987,LBen
Q47L,0.1126,LBen
Q47M,0.3029,LBen
Q47N,0.4133,Amb
Q47P,0.3338,LBen
Q47R,0.0864,LBen
Q47S,0.3488,Amb
Q47T,0.2178,LBen
Q47V,0.2017,LBen
Q47W,0.4939,Amb
Q47Y,0.5726,LPath
E48A,0.0881,LBen
E48C,0.7341,LPath
E48D,0.145,LBen
E48F,0.6167,LPath
E48G,0.1098,LBen
E48H,0.3433,Amb
E48I,0.2934,LBen
E48K,0.1264,LBen
E48L,0.2205,LBen
E48M,0.3178,LBen
E48N,0.2341,LBen
E48P,0.5121,Amb
E48Q,0.1013,LBen
E48R,0.1793,LBen
E48S,0.1878,LBen
E48T,0.1776,LBen
E48V,0.1415,LBen
E48W,0.7681,LPath
E48Y,0.4997,Amb
A49C,0.3868,Amb
A49D,0.1173,LBen
A49E,0.0936,LBen
A49F,0.2302,LBen
A49G,0.0914,LBen
A49H,0.2693,LBen
A49I,0.175,LBen
A49K,0.1925,LBen
A49L,0.1299,LBen
A49M,0.1496,LBen
A49N,0.1439,LBen
A49P,0.2546,LBen
A49Q,0.1526,LBen
A49R,0.1601,LBen
A49S,0.0845,LBen
A49T,0.0719,LBen
A49V,0.09,LBen
A49W,0.4097,Amb
A49Y,0.309,LBen
E50A,0.0857,LBen
E50C,0.5914,LPath
E50D,0.0956,LBen
E50F,0.5236,Amb
E50G,0.083,LBen
E50H,0.2536,LBen
E50I,0.3025,LBen
E50K,0.1017,LBen
E50L,0.2155,LBen
E50M,0.3354,LBen
E50N,0.1655,LBen
E50P,0.3357,LBen
E50Q,0.0927,LBen
E50R,0.1336,LBen
E50S,0.1286,LBen
E50T,0.1456,LBen
E50V,0.1628,LBen
E50W,0.6318,LPath
E50Y,0.422,Amb
G51A,0.108,LBen
G51C,0.2658,LBen
G51D,0.1465,LBen
G51E,0.1323,LBen
G51F,0.5234,Amb
G51H,0.3516,Amb
G51I,0.2701,LBen
G51K,0.3407,Amb
G51L,0.3374,LBen
G51M,0.3697,Amb
G51N,0.2468,LBen
G51P,0.482,Amb
G51Q,0.2689,LBen
G51R,0.2538,LBen
G51S,0.1237,LBen
G51T,0.1465,LBen
G51V,0.1555,LBen
G51W,0.3522,Amb
G51Y,0.3834,Amb
V52A,0.0474,LBen
V52C,0.3406,Amb
V52D,0.0725,LBen
V52E,0.0711,LBen
V52F,0.1085,LBen
V52G,0.0603,LBen
V52H,0.1742,LBen
V52I,0.0865,LBen
V52K,0.1074,LBen
V52L,0.0841,LBen
V52M,0.0885,LBen
V52N,0.0927,LBen
V52P,0.075,LBen
V52Q,0.0962,LBen
V52R,0.0932,LBen
V52S,0.0653,LBen
V52T,0.0669,LBen
V52W,0.3393,LBen
V52Y,0.2414,LBen
A53C,0.3181,LBen
A53D,0.1255,LBen
A53E,0.1202,LBen
A53F,0.2184,LBen
A53G,0.094,LBen
A53H,0.2667,LBen
A53I,0.1721,LBen
A53K,0.2323,LBen
A53L,0.1202,LBen
A53M,0.1689,LBen
A53N,0.175,LBen
A53P,0.1018,LBen
A53Q,0.1805,LBen
A53R,0.1883,LBen
A53S,0.089,LBen
A53T,0.0749,LBen
A53V,0.0884,LBen
A53W,0.4141,Amb
A53Y,0.3268,LBen
A54C,0.3185,LBen
A54D,0.2172,LBen
A54E,0.1823,LBen
A54F,0.2025,LBen
A54G,0.1105,LBen
A54H,0.334,LBen
A54I,0.1368,LBen
A54K,0.2993,LBen
A54L,0.1096,LBen
A54M,0.1506,LBen
A54N,0.2217,LBen
A54P,0.1012,LBen
A54Q,0.2286,LBen
A54R,0.2414,LBen
A54S,0.095,LBen
A54T,0.0728,LBen
A54V,0.0711,LBen
A54W,0.493,Amb
A54Y,0.3389,LBen
P55A,0.0737,LBen
P55C,0.4231,Amb
P55D,0.3435,Amb
P55E,0.2026,LBen
P55F,0.3514,Amb
P55G,0.2437,LBen
P55H,0.1934,LBen
P55I,0.2368,LBen
P55K,0.2625,LBen
P55L,0.0907,LBen
P55M,0.2581,LBen
P55N,0.3437,Amb
P55Q,0.1514,LBen
P55R,0.1425,LBen
P55S,0.1259,LBen
P55T,0.1003,LBen
P55V,0.1488,LBen
P55W,0.4481,Amb
P55Y,0.3978,Amb
A56C,0.2955,LBen
A56D,0.1195,LBen
A56E,0.1077,LBen
A56F,0.2071,LBen
A56G,0.1042,LBen
A56H,0.2333,LBen
A56I,0.13,LBen
A56K,0.1826,LBen
A56L,0.1041,LBen
A56M,0.1447,LBen
A56N,0.1555,LBen
A56P,0.0805,LBen
A56Q,0.1498,LBen
A56R,0.152,LBen
A56S,0.086,LBen
A56T,0.0671,LBen
A56V,0.0747,LBen
A56W,0.3933,Amb
A56Y,0.2888,LBen
D57A,0.3039,LBen
D57C,0.6465,LPath
D57E,0.5432,Amb
D57F,0.6888,LPath
D57G,0.5153,Amb
D57H,0.4969,Amb
D57I,0.4587,Amb
D57K,0.8355,LPath
D57L,0.4424,Amb
D57M,0.7563,LPath
D57N,0.1688,LBen
D57P,0.6558,LPath
D57Q,0.7569,LPath
D57R,0.814,LPath
D57S,0.2545,LBen
D57T,0.5004,Amb
D57V,0.2918,LBen
D57W,0.9233,LPath
D57Y,0.3556,Amb
P58A,0.1003,LBen
P58C,0.5485,Amb
P58D,0.3863,Amb
P58E,0.2156,LBen
P58F,0.5463,Amb
P58G,0.3397,LBen
P58H,0.23,LBen
P58I,0.342,Amb
P58K,0.2963,LBen
P58L,0.1362,LBen
P58M,0.3382,LBen
P58N,0.4198,Amb
P58Q,0.175,LBen
P58R,0.1486,LBen
P58S,0.1555,LBen
P58T,0.118,LBen
P58V,0.2243,LBen
P58W,0.5456,Amb
P58Y,0.532,Amb
E59A,0.5152,Amb
E59C,0.9585,LPath
E59D,0.6206,LPath
E59F,0.9725,LPath
E59G,0.5242,Amb
E59H,0.8962,LPath
E59I,0.8932,LPath
E59K,0.6453,LPath
E59L,0.8368,LPath
E59M,0.8834,LPath
E59N,0.8652,LPath
E59P,0.8984,LPath
E59Q,0.3896,Amb
E59R,0.6541,LPath
E59S,0.706,LPath
E59T,0.7981,LPath
E59V,0.7083,LPath
E59W,0.9852,LPath
E59Y,0.9526,LPath
M60A,0.779,LPath
M60C,0.947,LPath
M60D,0.9706,LPath
M60E,0.8995,LPath
M60F,0.5319,Amb
M60G,0.9271,LPath
M60H,0.9468,LPath
M60I,0.3587,Amb
M60K,0.8227,LPath
M60L,0.2052,LBen
M60N,0.9072,LPath
M60P,0.9357,LPath
M60Q,0.8285,LPath
M60R,0.8117,LPath
M60S,0.9064,LPath
M60T,0.7594,LPath
M60V,0.2122,LBen
M60W,0.8773,LPath
M60Y,0.879,LPath
V61A,0.0938,LBen
V61C,0.4956,Amb
V61D,0.0706,LBen
V61E,0.0977,LBen
V61F,0.1386,LBen
V61G,0.0892,LBen
V61H,0.2777,LBen
V61I,0.1027,LBen
V61K,0.1932,LBen
V61L,0.132,LBen
V61M,0.1354,LBen
V61N,0.1082,LBen
V61P,0.3342,LBen
V61Q,0.1407,LBen
V61R,0.1533,LBen
V61S,0.1142,LBen
V61T,0.1352,LBen
V61W,0.5834,LPath
V61Y,0.3163,LBen
T62A,0.0658,LBen
T62C,0.2062,LBen
T62D,0.1295,LBen
T62E,0.1423,LBen
T62F,0.1632,LBen
T62G,0.131,LBen
T62H,0.1236,LBen
T62I,0.1381,LBen
T62K,0.1494,LBen
T62L,0.0933,LBen
T62M,0.0907,LBen
T62N,0.0741,LBen
T62P,0.0961,LBen
T62Q,0.1341,LBen
T62R,0.1135,LBen
T62S,0.0716,LBen
T62V,0.1218,LBen
T62W,0.3359,LBen
T62Y,0.1701,LBen
L63A,0.2629,LBen
L63C,0.5162,Amb
L63D,0.6501,LPath
L63E,0.3404,Amb
L63F,0.1559,LBen
L63G,0.4718,Amb
L63H,0.2935,LBen
L63I,0.1074,LBen
L63K,0.4003,Amb
L63M,0.1253,LBen
L63N,0.487,Amb
L63P,0.2025,LBen
L63Q,0.2071,LBen
L63R,0.2473,LBen
L63S,0.3129,LBen
L63T,0.2824,LBen
L63V,0.1014,LBen
L63W,0.2801,LBen
L63Y,0.4286,Amb
P64A,0.067,LBen
P64C,0.215,LBen
P64D,0.1642,LBen
P64E,0.1351,LBen
P64F,0.254,LBen
P64G,0.1587,LBen
P64H,0.0876,LBen
P64I,0.2287,LBen
P64K,0.1997,LBen
P64L,0.1062,LBen
P64M,0.2486,LBen
P64N,0.1598,LBen
P64Q,0.0951,LBen
P64R,0.1066,LBen
P64S,0.0692,LBen
P64T,0.0766,LBen
P64V,0.1501,LBen
P64W,0.2953,LBen
P64Y,0.2115,LBen
L65A,0.1152,LBen
L65C,0.2979,LBen
L65D,0.2981,LBen
L65E,0.1444,LBen
L65F,0.1209,LBen
L65G,0.217,LBen
L65H,0.1347,LBen
L65I,0.1035,LBen
L65K,0.1768,LBen
L65M,0.1147,LBen
L65N,0.2242,LBen
L65P,0.0636,LBen
L65Q,0.0826,LBen
L65R,0.0987,LBen
L65S,0.1261,LBen
L65T,0.1317,LBen
L65V,0.0804,LBen
L65W,0.1582,LBen
L65Y,0.261,LBen
Q66A,0.1035,LBen
Q66C,0.4179,Amb
Q66D,0.1269,LBen
Q66E,0.0537,LBen
Q66F,0.463,Amb
Q66G,0.1343,LBen
Q66H,0.1385,LBen
Q66I,0.2532,LBen
Q66K,0.1035,LBen
Q66L,0.0922,LBen
Q66M,0.2489,LBen
Q66N,0.1647,LBen
Q66P,0.06,LBen
Q66R,0.0989,LBen
Q66S,0.1125,LBen
Q66T,0.1161,LBen
Q66V,0.1404,LBen
Q66W,0.3251,LBen
Q66Y,0.2933,LBen
P67A,0.0801,LBen
P67C,0.3758,Amb
P67D,0.2161,LBen
P67E,0.1493,LBen
P67F,0.3769,Amb
P67G,0.1872,LBen
P67H,0.148,LBen
P67I,0.2575,LBen
P67K,0.2409,LBen
P67L,0.1082,LBen
P67M,0.2704,LBen
P67N,0.2316,LBen
P67Q,0.123,LBen
P67R,0.1338,LBen
P67S,0.1015,LBen
P67T,0.0957,LBen
P67V,0.1625,LBen
P67W,0.4131,Amb
P67Y,0.327,LBen
S68A,0.0689,LBen
S68C,0.0998,LBen
S68D,0.112,LBen
S68E,0.1713,LBen
S68F,0.1618,LBen
S68G,0.0629,LBen
S68H,0.1604,LBen
S68I,0.1365,LBen
S68K,0.2977,LBen
S68L,0.1073,LBen
S68M,0.1814,LBen
S68N,0.0804,LBen
S68P,0.1053,LBen
S68Q,0.2115,LBen
S68R,0.2156,LBen
S68T,0.0722,LBen
S68V,0.1293,LBen
S68W,0.1999,LBen
S68Y,0.1406,LBen
S69A,0.1484,LBen
S69C,0.162,LBen
S69D,0.4625,Amb
S69E,0.6902,LPath
S69F,0.5375,Amb
S69G,0.1214,LBen
S69H,0.5453,Amb
S69I,0.5869,LPath
S69K,0.9043,LPath
S69L,0.2634,LBen
S69M,0.4849,Amb
S69N,0.3117,LBen
S69P,0.4384,Amb
S69Q,0.7379,LPath
S69R,0.8165,LPath
S69T,0.1206,LBen
S69V,0.4682,Amb
S69W,0.538,Amb
S69Y,0.4542,Amb
T70A,0.0786,LBen
T70C,0.4238,Amb
T70D,0.2808,LBen
T70E,0.2178,LBen
T70F,0.2583,LBen
T70G,0.2621,LBen
T70H,0.2227,LBen
T70I,0.094,LBen
T70K,0.1714,LBen
T70L,0.0768,LBen
T70M,0.0911,LBen
T70N,0.1578,LBen
T70P,0.072,LBen
T70Q,0.1855,LBen
T70R,0.1244,LBen
T70S,0.1404,LBen
T70V,0.0889,LBen
T70W,0.5317,Amb
T70Y,0.3356,LBen
M71A,0.2448,LBen
M71C,0.7725,LPath
M71D,0.7728,LPath
M71E,0.4495,Amb
M71F,0.4512,Amb
M71G,0.5124,Amb
M71H,0.5955,LPath
M71I,0.4313,Amb
M71K,0.2542,LBen
M71L,0.1061,LBen
M71N,0.5713,LPath
M71P,0.4115,Amb
M71Q,0.3097,LBen
M71R,0.2271,LBen
M71S,0.3879,Amb
M71T,0.1509,LBen
M71V,0.0945,LBen
M71W,0.647,LPath
M71Y,0.6841,LPath
G72A,0.1009,LBen
G72C,0.2499,LBen
G72D,0.3383,LBen
G72E,0.2134,LBen
G72F,0.6401,LPath
G72H,0.4901,Amb
G72I,0.3658,Amb
G72K,0.6192,LPath
G72L,0.4309,Amb
G72M,0.504,Amb
G72N,0.3883,Amb
G72P,0.8657,LPath
G72Q,0.3531,Amb
G72R,0.4397,Amb
G72S,0.1196,LBen
G72T,0.2039,LBen
G72V,0.2136,LBen
G72W,0.4906,Amb
G72Y,0.504,Amb
Q73A,0.2037,LBen
Q73C,0.6318,LPath
Q73D,0.2958,LBen
Q73E,0.0669,LBen
Q73F,0.6811,LPath
Q73G,0.3193,LBen
Q73H,0.2447,LBen
Q73I,0.3329,LBen
Q73K,0.0943,LBen
Q73L,0.0999,LBen
Q73M,0.3042,LBen
Q73N,0.2972,LBen
Q73P,0.3111,LBen
Q73R,0.0896,LBen
Q73S,0.3187,LBen
Q73T,0.2316,LBen
Q73V,0.2195,LBen
Q73W,0.4667,Amb
Q73Y,0.4954,Amb
V74A,0.5657,LPath
V74C,0.9839,LPath
V74D,0.9747,LPath
V74E,0.9508,LPath
V74F,0.9599,LPath
V74G,0.7203,LPath
V74H,0.9929,LPath
V74I,0.2687,LBen
V74K,0.9702,LPath
V74L,0.9181,LPath
V74M,0.913,LPath
V74N,0.9755,LPath
V74P,0.9687,LPath
V74Q,0.9648,LPath
V74R,0.9293,LPath
V74S,0.8675,LPath
V74T,0.694,LPath
V74W,0.9965,LPath
V74Y,0.989,LPath
G75A,0.7414,LPath
G75C,0.9601,LPath
G75D,0.9855,LPath
G75E,0.9787,LPath
G75F,0.9953,LPath
G75H,0.9976,LPath
G75I,0.9833,LPath
G75K,0.996,LPath
G75L,0.9913,LPath
G75M,0.9956,LPath
G75N,0.9952,LPath
G75P,0.9959,LPath
G75Q,0.9893,LPath
G75R,0.9812,LPath
G75S,0.8461,LPath
G75T,0.9742,LPath
G75V,0.9598,LPath
G75W,0.9891,LPath
G75Y,0.9946,LPath
R76A,0.4049,Amb
R76C,0.1169,LBen
R76D,0.7308,LPath
R76E,0.2728,LBen
R76F,0.4464,Amb
R76G,0.3152,LBen
R76H,0.0984,LBen
R76I,0.2599,LBen
R76K,0.1412,LBen
R76L,0.1893,LBen
R76M,0.2683,LBen
R76N,0.5835,LPath
R76P,0.9036,LPath
R76Q,0.0711,LBen
R76S,0.463,Amb
R76T,0.3277,LBen
R76V,0.3129,LBen
R76W,0.1322,LBen
R76Y,0.2754,LBen
Q77A,0.4881,Amb
Q77C,0.7914,LPath
Q77D,0.7413,LPath
Q77E,0.1675,LBen
Q77F,0.9157,LPath
Q77G,0.5625,Amb
Q77H,0.4476,Amb
Q77I,0.7663,LPath
Q77K,0.1779,LBen
Q77L,0.3657,Amb
Q77M,0.6576,LPath
Q77N,0.5423,Amb
Q77P,0.8491,LPath
Q77R,0.1243,LBen
Q77S,0.5489,Amb
Q77T,0.4724,Amb
Q77V,0.5949,LPath
Q77W,0.7481,LPath
Q77Y,0.7394,LPath
L78A,0.9522,LPath
L78C,0.9796,LPath
L78D,0.998,LPath
L78E,0.9885,LPath
L78F,0.8894,LPath
L78G,0.9868,LPath
L78H,0.9909,LPath
L78I,0.555,Amb
L78K,0.9823,LPath
L78M,0.5,Amb
L78N,0.9939,LPath
L78P,0.9893,LPath
L78Q,0.9777,LPath
L78R,0.9669,LPath
L78S,0.9938,LPath
L78T,0.9753,LPath
L78V,0.633,LPath
L78W,0.9553,LPath
L78Y,0.9778,LPath
A79C,0.9196,LPath
A79D,0.9867,LPath
A79E,0.9748,LPath
A79F,0.9739,LPath
A79G,0.4101,Amb
A79H,0.9858,LPath
A79I,0.9824,LPath
A79K,0.9945,LPath
A79L,0.9059,LPath
A79M,0.959,LPath
A79N,0.9814,LPath
A79P,0.9904,LPath
A79Q,0.9586,LPath
A79R,0.9624,LPath
A79S,0.326,LBen
A79T,0.8921,LPath
A79V,0.9075,LPath
A79W,0.9936,LPath
A79Y,0.9785,LPath
I80A,0.3262,LBen
I80C,0.5792,LPath
I80D,0.6477,LPath
I80E,0.4673,Amb
I80F,0.2033,LBen
I80G,0.598,LPath
I80H,0.4793,Amb
I80K,0.3417,Amb
I80L,0.0966,LBen
I80M,0.111,LBen
I80N,0.3297,LBen
I80P,0.9463,LPath
I80Q,0.3825,Amb
I80R,0.2459,LBen
I80S,0.3705,Amb
I80T,0.3004,LBen
I80V,0.0721,LBen
I80W,0.7291,LPath
I80Y,0.5213,Amb
I81A,0.6491,LPath
I81C,0.9461,LPath
I81D,0.9864,LPath
I81E,0.9632,LPath
I81F,0.5282,Amb
I81G,0.9632,LPath
I81H,0.9423,LPath
I81K,0.9416,LPath
I81L,0.3371,LBen
I81M,0.3478,Amb
I81N,0.9362,LPath
I81P,0.9567,LPath
I81Q,0.9343,LPath
I81R,0.8591,LPath
I81S,0.8274,LPath
I81T,0.4425,Amb
I81V,0.2811,LBen
I81W,0.8986,LPath
I81Y,0.9137,LPath
G82A,0.512,Amb
G82C,0.8258,LPath
G82D,0.986,LPath
G82E,0.9823,LPath
G82F,0.9911,LPath
G82H,0.9922,LPath
G82I,0.9753,LPath
G82K,0.9943,LPath
G82L,0.9706,LPath
G82M,0.9832,LPath
G82N,0.986,LPath
G82P,0.9984,LPath
G82Q,0.9789,LPath
G82R,0.9719,LPath
G82S,0.5817,LPath
G82T,0.8622,LPath
G82V,0.9413,LPath
G82W,0.9755,LPath
G82Y,0.9916,LPath
D83A,0.9255,LPath
D83C,0.9891,LPath
D83E,0.8827,LPath
D83F,0.9912,LPath
D83G,0.8645,LPath
D83H,0.959,LPath
D83I,0.9876,LPath
D83K,0.9692,LPath
D83L,0.9789,LPath
D83M,0.9917,LPath
D83N,0.5532,Amb
D83P,0.9973,LPath
D83Q,0.9705,LPath
D83R,0.9587,LPath
D83S,0.8133,LPath
D83T,0.941,LPath
D83V,0.9555,LPath
D83W,0.9959,LPath
D83Y,0.9193,LPath
D84A,0.4378,Amb
D84C,0.9194,LPath
D84E,0.4567,Amb
D84F,0.9285,LPath
D84G,0.5106,Amb
D84H,0.6025,LPath
D84I,0.8638,LPath
D84K,0.8121,LPath
D84L,0.8813,LPath
D84M,0.9359,LPath
D84N,0.2346,LBen
D84P,0.9713,LPath
D84Q,0.7164,LPath
D84R,0.7852,LPath
D84S,0.336,LBen
D84T,0.5604,Amb
D84V,0.6724,LPath
D84W,0.981,LPath
D84Y,0.6141,LPath
I85A,0.968,LPath
I85C,0.9871,LPath
I85D,0.9932,LPath
I85E,0.9871,LPath
I85F,0.7286,LPath
I85G,0.9931,LPath
I85H,0.9895,LPath
I85K,0.9746,LPath
I85L,0.4394,Amb
I85M,0.4688,Amb
I85N,0.9655,LPath
I85P,0.9877,LPath
I85Q,0.983,LPath
I85R,0.9541,LPath
I85S,0.9679,LPath
I85T,0.9506,LPath
I85V,0.4717,Amb
I85W,0.9665,LPath
I85Y,0.9637,LPath
N86A,0.6181,LPath
N86C,0.4864,Amb
N86D,0.407,Amb
N86E,0.7568,LPath
N86F,0.8091,LPath
N86G,0.5889,LPath
N86H,0.2774,LBen
N86I,0.6159,LPath
N86K,0.8689,LPath
N86L,0.5448,Amb
N86M,0.6806,LPath
N86P,0.9495,LPath
N86Q,0.6909,LPath
N86R,0.8077,LPath
N86S,0.1415,LBen
N86T,0.3293,LBen
N86V,0.6064,LPath
N86W,0.9097,LPath
N86Y,0.3608,Amb
R87A,0.2143,LBen
R87C,0.1281,LBen
R87D,0.4003,Amb
R87E,0.1533,LBen
R87F,0.4718,Amb
R87G,0.1408,LBen
R87H,0.0911,LBen
R87I,0.2776,LBen
R87K,0.1098,LBen
R87L,0.1415,LBen
R87M,0.2519,LBen
R87N,0.3505,Amb
R87P,0.8616,LPath
R87Q,0.0589,LBen
R87S,0.2618,LBen
R87T,0.1778,LBen
R87V,0.2739,LBen
R87W,0.1458,LBen
R87Y,0.3054,LBen
R88A,0.8159,LPath
R88C,0.4101,Amb
R88D,0.8911,LPath
R88E,0.678,LPath
R88F,0.9175,LPath
R88G,0.7142,LPath
R88H,0.2392,LBen
R88I,0.7196,LPath
R88K,0.3503,Amb
R88L,0.5822,LPath
R88M,0.7667,LPath
R88N,0.8365,LPath
R88P,0.9716,LPath
R88Q,0.2064,LBen
R88S,0.857,LPath
R88T,0.6905,LPath
R88V,0.8007,LPath
R88W,0.5064,Amb
R88Y,0.7398,LPath
Y89A,0.9651,LPath
Y89C,0.7105,LPath
Y89D,0.9133,LPath
Y89E,0.9791,LPath
Y89F,0.2379,LBen
Y89G,0.8818,LPath
Y89H,0.734,LPath
Y89I,0.9723,LPath
Y89K,0.9672,LPath
Y89L,0.9104,LPath
Y89M,0.9421,LPath
Y89N,0.8031,LPath
Y89P,0.9864,LPath
Y89Q,0.964,LPath
Y89R,0.9209,LPath
Y89S,0.8872,LPath
Y89T,0.955,LPath
Y89V,0.92,LPath
Y89W,0.6196,LPath
D90A,0.3247,LBen
D90C,0.8371,LPath
D90E,0.3567,Amb
D90F,0.8858,LPath
D90G,0.2863,LBen
D90H,0.4186,Amb
D90I,0.8053,LPath
D90K,0.7046,LPath
D90L,0.7645,LPath
D90M,0.9183,LPath
D90N,0.1541,LBen
D90P,0.8872,LPath
D90Q,0.5587,Amb
D90R,0.6151,LPath
D90S,0.1945,LBen
D90T,0.4651,Amb
D90V,0.6213,LPath
D90W,0.9622,LPath
D90Y,0.5404,Amb
S91A,0.0566,LBen
S91C,0.1204,LBen
S91D,0.1433,LBen
S91E,0.1562,LBen
S91F,0.194,LBen
S91G,0.0712,LBen
S91H,0.17,LBen
S91I,0.1385,LBen
S91K,0.2393,LBen
S91L,0.0844,LBen
S91M,0.1559,LBen
S91N,0.1061,LBen
S91P,0.1416,LBen
S91Q,0.2023,LBen
S91R,0.1888,LBen
S91T,0.0636,LBen
S91V,0.1172,LBen
S91W,0.2264,LBen
S91Y,0.1731,LBen
E92A,0.3559,Amb
E92C,0.9654,LPath
E92D,0.2304,LBen
E92F,0.9756,LPath
E92G,0.5685,LPath
E92H,0.7398,LPath
E92I,0.8417,LPath
E92K,0.4814,Amb
E92L,0.8492,LPath
E92M,0.8753,LPath
E92N,0.5958,LPath
E92P,0.8836,LPath
E92Q,0.2856,LBen
E92R,0.568,LPath
E92S,0.4369,Amb
E92T,0.5203,Amb
E92V,0.6194,LPath
E92W,0.9848,LPath
E92Y,0.9246,LPath
F93A,0.9852,LPath
F93C,0.9804,LPath
F93D,0.9908,LPath
F93E,0.9874,LPath
F93G,0.9899,LPath
F93H,0.983,LPath
F93I,0.7994,LPath
F93K,0.9918,LPath
F93L,0.9878,LPath
F93M,0.917,LPath
F93N,0.9833,LPath
F93P,0.9994,LPath
F93Q,0.985,LPath
F93R,0.9833,LPath
F93S,0.9858,LPath
F93T,0.9814,LPath
F93V,0.9008,LPath
F93W,0.8605,LPath
F93Y,0.6608,LPath
Q94A,0.2677,LBen
Q94C,0.5954,LPath
Q94D,0.372,Amb
Q94E,0.093,LBen
Q94F,0.7621,LPath
Q94G,0.3019,LBen
Q94H,0.1951,LBen
Q94I,0.5272,Amb
Q94K,0.1142,LBen
Q94L,0.1927,LBen
Q94M,0.4764,Amb
Q94N,0.3212,LBen
Q94P,0.575,LPath
Q94R,0.0894,LBen
Q94S,0.2952,LBen
Q94T,0.237,LBen
Q94V,0.3462,Amb
Q94W,0.5144,Amb
Q94Y,0.5147,Amb
T95A,0.0631,LBen
T95C,0.3203,LBen
T95D,0.1599,LBen
T95E,0.1504,LBen
T95F,0.2204,LBen
T95G,0.1407,LBen
T95H,0.1467,LBen
T95I,0.145,LBen
T95K,0.1344,LBen
T95L,0.0931,LBen
T95M,0.0906,LBen
T95N,0.0771,LBen
T95P,0.5221,Amb
T95Q,0.1398,LBen
T95R,0.1118,LBen
T95S,0.088,LBen
T95V,0.1194,LBen
T95W,0.4666,Amb
T95Y,0.2193,LBen
M96A,0.8874,LPath
M96C,0.953,LPath
M96D,0.9914,LPath
M96E,0.9645,LPath
M96F,0.7408,LPath
M96G,0.9741,LPath
M96H,0.9429,LPath
M96I,0.8679,LPath
M96K,0.8258,LPath
M96L,0.2307,LBen
M96N,0.9737,LPath
M96P,0.9901,LPath
M96Q,0.8141,LPath
M96R,0.8051,LPath
M96S,0.9347,LPath
M96T,0.8113,LPath
M96V,0.3499,Amb
M96W,0.9356,LPath
M96Y,0.9428,LPath
L97A,0.8982,LPath
L97C,0.9295,LPath
L97D,0.9964,LPath
L97E,0.9672,LPath
L97F,0.8842,LPath
L97G,0.9725,LPath
L97H,0.9625,LPath
L97I,0.3415,Amb
L97K,0.9477,LPath
L97M,0.4873,Amb
L97N,0.9814,LPath
L97P,0.9659,LPath
L97Q,0.8929,LPath
L97R,0.8748,LPath
L97S,0.976,LPath
L97T,0.9002,LPath
L97V,0.4033,Amb
L97W,0.9358,LPath
L97Y,0.9731,LPath
Q98A,0.1628,LBen
Q98C,0.4359,Amb
Q98D,0.2065,LBen
Q98E,0.075,LBen
Q98F,0.6317,LPath
Q98G,0.1622,LBen
Q98H,0.1404,LBen
Q98I,0.3938,Amb
Q98K,0.0963,LBen
Q98L,0.1326,LBen
Q98M,0.3536,Amb
Q98N,0.209,LBen
Q98P,0.4883,Amb
Q98R,0.0812,LBen
Q98S,0.189,LBen
Q98T,0.1747,LBen
Q98V,0.2569,LBen
Q98W,0.3815,Amb
Q98Y,0.3765,Amb
H99A,0.2163,LBen
H99C,0.169,LBen
H99D,0.189,LBen
H99E,0.1841,LBen
H99F,0.3689,Amb
H99G,0.2279,LBen
H99I,0.3073,LBen
H99K,0.1647,LBen
H99L,0.1391,LBen
H99M,0.373,Amb
H99N,0.1048,LBen
H99P,0.5578,Amb
H99Q,0.101,LBen
H99R,0.0816,LBen
H99S,0.1694,LBen
H99T,0.1586,LBen
H99V,0.2215,LBen
H99W,0.331,LBen
H99Y,0.1326,LBen
L100A,0.8797,LPath
L100C,0.871,LPath
L100D,0.99,LPath
L100E,0.9349,LPath
L100F,0.6083,LPath
L100G,0.9587,LPath
L100H,0.8738,LPath
L100I,0.333,LBen
L100K,0.898,LPath
L100M,0.3722,Amb
L100N,0.964,LPath
L100P,0.9532,LPath
L100Q,0.782,LPath
L100R,0.7669,LPath
L100S,0.9483,LPath
L100T,0.8715,LPath
L100V,0.3886,Amb
L100W,0.7963,LPath
L100Y,0.9046,LPath
Q101A,0.2852,LBen
Q101C,0.5889,LPath
Q101D,0.4137,Amb
Q101E,0.111,LBen
Q101F,0.8272,LPath
Q101G,0.2929,LBen
Q101H,0.2078,LBen
Q101I,0.6294,LPath
Q101K,0.1022,LBen
Q101L,0.2208,LBen
Q101M,0.5238,Amb
Q101N,0.3284,LBen
Q101P,0.1945,LBen
Q101R,0.0858,LBen
Q101S,0.3025,LBen
Q101T,0.3403,Amb
Q101V,0.4152,Amb
Q101W,0.6146,LPath
Q101Y,0.5702,LPath
P102A,0.6477,LPath
P102C,0.952,LPath
P102D,0.9923,LPath
P102E,0.9785,LPath
P102F,0.972,LPath
P102G,0.9555,LPath
P102H,0.9687,LPath
P102I,0.7232,LPath
P102K,0.9792,LPath
P102L,0.4134,Amb
P102M,0.8584,LPath
P102N,0.9896,LPath
P102Q,0.9656,LPath
P102R,0.9469,LPath
P102S,0.9601,LPath
P102T,0.8328,LPath
P102V,0.5811,LPath
P102W,0.9894,LPath
P102Y,0.9787,LPath
T103A,0.2026,LBen
T103C,0.6163,LPath
T103D,0.3588,Amb
T103E,0.4509,Amb
T103F,0.776,LPath
T103G,0.3419,Amb
T103H,0.3647,Amb
T103I,0.6625,LPath
T103K,0.2688,LBen
T103L,0.4161,Amb
T103M,0.2792,LBen
T103N,0.1364,LBen
T103P,0.523,Amb
T103Q,0.3027,LBen
T103R,0.2053,LBen
T103S,0.131,LBen
T103V,0.4404,Amb
T103W,0.8899,LPath
T103Y,0.6917,LPath
A104C,0.4163,Amb
A104D,0.2434,LBen
A104E,0.1543,LBen
A104F,0.3577,Amb
A104G,0.1424,LBen
A104H,0.3094,LBen
A104I,0.1928,LBen
A104K,0.1932,LBen
A104L,0.1562,LBen
A104M,0.1877,LBen
A104N,0.258,LBen
A104P,0.0919,LBen
A104Q,0.1798,LBen
A104R,0.1543,LBen
A104S,0.1046,LBen
A104T,0.0801,LBen
A104V,0.0934,LBen
A104W,0.5331,Amb
A104Y,0.4185,Amb
E105A,0.1001,LBen
E105C,0.7123,LPath
E105D,0.0803,LBen
E105F,0.7201,LPath
E105G,0.0835,LBen
E105H,0.2615,LBen
E105I,0.4024,Amb
E105K,0.0974,LBen
E105L,0.36,Amb
E105M,0.4434,Amb
E105N,0.1612,LBen
E105P,0.3918,Amb
E105Q,0.0958,LBen
E105R,0.1431,LBen
E105S,0.1223,LBen
E105T,0.1556,LBen
E105V,0.2236,LBen
E105W,0.7393,LPath
E105Y,0.5285,Amb
N106A,0.7764,LPath
N106C,0.8002,LPath
N106D,0.4709,Amb
N106E,0.8361,LPath
N106F,0.9532,LPath
N106G,0.7297,LPath
N106H,0.4436,Amb
N106I,0.7464,LPath
N106K,0.7587,LPath
N106L,0.7901,LPath
N106M,0.7166,LPath
N106P,0.9705,LPath
N106Q,0.8344,LPath
N106R,0.8245,LPath
N106S,0.3747,Amb
N106T,0.2426,LBen
N106V,0.721,LPath
N106W,0.974,LPath
N106Y,0.6489,LPath
A107C,0.6553,LPath
A107D,0.9167,LPath
A107E,0.9077,LPath
A107F,0.8498,LPath
A107G,0.3701,Amb
A107H,0.9008,LPath
A107I,0.6916,LPath
A107K,0.9476,LPath
A107L,0.6315,LPath
A107M,0.7317,LPath
A107N,0.8737,LPath
A107P,0.8562,LPath
A107Q,0.8508,LPath
A107R,0.8207,LPath
A107S,0.2262,LBen
A107T,0.2858,LBen
A107V,0.3957,Amb
A107W,0.9528,LPath
A107Y,0.8964,LPath
Y108A,0.4257,Amb
Y108C,0.2043,LBen
Y108D,0.4286,Amb
Y108E,0.5514,Amb
Y108F,0.1803,LBen
Y108G,0.3901,Amb
Y108H,0.2038,LBen
Y108I,0.7182,LPath
Y108K,0.4732,Amb
Y108L,0.5893,LPath
Y108M,0.7002,LPath
Y108N,0.306,LBen
Y108P,0.6267,LPath
Y108Q,0.4113,Amb
Y108R,0.2764,LBen
Y108S,0.2423,LBen
Y108T,0.5223,Amb
Y108V,0.5165,Amb
Y108W,0.2984,LBen
E109A,0.1074,LBen
E109C,0.7227,LPath
E109D,0.1075,LBen
E109F,0.6558,LPath
E109G,0.1287,LBen
E109H,0.2732,LBen
E109I,0.2934,LBen
E109K,0.1293,LBen
E109L,0.2807,LBen
E109M,0.3855,Amb
E109N,0.2152,LBen
E109P,0.448,Amb
E109Q,0.1004,LBen
E109R,0.1694,LBen
E109S,0.1647,LBen
E109T,0.1424,LBen
E109V,0.1724,LBen
E109W,0.7696,LPath
E109Y,0.5,Amb
Y110A,0.5696,LPath
Y110C,0.2704,LBen
Y110D,0.5145,Amb
Y110E,0.8394,LPath
Y110F,0.2133,LBen
Y110G,0.5918,LPath
Y110H,0.4187,Amb
Y110I,0.4615,Amb
Y110K,0.8128,LPath
Y110L,0.2494,LBen
Y110M,0.5203,Amb
Y110N,0.2735,LBen
Y110P,0.9237,LPath
Y110Q,0.7476,LPath
Y110R,0.7321,LPath
Y110S,0.3954,Amb
Y110T,0.4864,Amb
Y110V,0.3894,Amb
Y110W,0.628,LPath
F111A,0.9838,LPath
F111C,0.9534,LPath
F111D,0.9978,LPath
F111E,0.9979,LPath
F111G,0.9907,LPath
F111H,0.9845,LPath
F111I,0.9039,LPath
F111K,0.9965,LPath
F111L,0.9872,LPath
F111M,0.9678,LPath
F111N,0.9955,LPath
F111P,0.9993,LPath
F111Q,0.9934,LPath
F111R,0.9854,LPath
F111S,0.9855,LPath
F111T,0.9846,LPath
F111V,0.857,LPath
F111W,0.9337,LPath
F111Y,0.7877,LPath
T112A,0.103,LBen
T112C,0.2462,LBen
T112D,0.549,Amb
T112E,0.3068,LBen
T112F,0.3713,Amb
T112G,0.2639,LBen
T112H,0.2321,LBen
T112I,0.1513,LBen
T112K,0.1531,LBen
T112L,0.1118,LBen
T112M,0.111,LBen
T112N,0.1826,LBen
T112P,0.5182,Amb
T112Q,0.1757,LBen
T112R,0.113,LBen
T112S,0.1354,LBen
T112V,0.131,LBen
T112W,0.5648,LPath
T112Y,0.3871,Amb
K113A,0.5265,Amb
K113C,0.8012,LPath
K113D,0.842,LPath
K113E,0.4002,Amb
K113F,0.9495,LPath
K113G,0.6886,LPath
K113H,0.4795,Amb
K113I,0.7136,LPath
K113L,0.5976,LPath
K113M,0.3881,Amb
K113N,0.7299,LPath
K113P,0.9781,LPath
K113Q,0.2205,LBen
K113R,0.099,LBen
K113S,0.7059,LPath
K113T,0.2926,LBen
K113V,0.6049,LPath
K113W,0.9093,LPath
K113Y,0.8691,LPath
I114A,0.9267,LPath
I114C,0.9899,LPath
I114D,0.9954,LPath
I114E,0.9845,LPath
I114F,0.8745,LPath
I114G,0.9882,LPath
I114H,0.9923,LPath
I114K,0.9784,LPath
I114L,0.7049,LPath
I114M,0.6017,LPath
I114N,0.9632,LPath
I114P,0.9839,LPath
I114Q,0.9847,LPath
I114R,0.9693,LPath
I114S,0.9599,LPath
I114T,0.8897,LPath
I114V,0.3093,LBen
I114W,0.99,LPath
I114Y,0.9773,LPath
A115C,0.7905,LPath
A115D,0.9939,LPath
A115E,0.9859,LPath
A115F,0.9667,LPath
A115G,0.4168,Amb
A115H,0.9873,LPath
A115I,0.9342,LPath
A115K,0.9918,LPath
A115L,0.859,LPath
A115M,0.9023,LPath
A115N,0.9828,LPath
A115P,0.9825,LPath
A115Q,0.9536,LPath
A115R,0.9622,LPath
A115S,0.3224,LBen
A115T,0.6283,LPath
A115V,0.7608,LPath
A115W,0.9945,LPath
A115Y,0.9864,LPath
T116A,0.0646,LBen
T116C,0.1472,LBen
T116D,0.2276,LBen
T116E,0.2206,LBen
T116F,0.2053,LBen
T116G,0.099,LBen
T116H,0.149,LBen
T116I,0.1919,LBen
T116K,0.1801,LBen
T116L,0.1035,LBen
T116M,0.1146,LBen
T116N,0.0995,LBen
T116P,0.5638,Amb
T116Q,0.1765,LBen
T116R,0.1351,LBen
T116S,0.0584,LBen
T116V,0.1473,LBen
T116W,0.3246,LBen
T116Y,0.1751,LBen
S117A,0.2219,LBen
S117C,0.2576,LBen
S117D,0.6921,LPath
S117E,0.6795,LPath
S117F,0.8072,LPath
S117G,0.1256,LBen
S117H,0.5576,Amb
S117I,0.5972,LPath
S117K,0.7822,LPath
S117L,0.5552,Amb
S117M,0.584,LPath
S117N,0.4523,Amb
S117P,0.8972,LPath
S117Q,0.6021,LPath
S117R,0.6293,LPath
S117T,0.2515,LBen
S117V,0.5665,LPath
S117W,0.7177,LPath
S117Y,0.6359,LPath
L118A,0.9313,LPath
L118C,0.9444,LPath
L118D,0.9963,LPath
L118E,0.9796,LPath
L118F,0.8003,LPath
L118G,0.9867,LPath
L118H,0.9528,LPath
L118I,0.3069,LBen
L118K,0.9741,LPath
L118M,0.4929,Amb
L118N,0.981,LPath
L118P,0.968,LPath
L118Q,0.9296,LPath
L118R,0.9198,LPath
L118S,0.9746,LPath
L118T,0.9006,LPath
L118V,0.3128,LBen
L118W,0.9463,LPath
L118Y,0.967,LPath
F119A,0.9841,LPath
F119C,0.9757,LPath
F119D,0.9929,LPath
F119E,0.9914,LPath
F119G,0.9765,LPath
F119H,0.9749,LPath
F119I,0.9712,LPath
F119K,0.9935,LPath
F119L,0.9887,LPath
F119M,0.9736,LPath
F119N,0.9907,LPath
F119P,0.9963,LPath
F119Q,0.9862,LPath
F119R,0.9766,LPath
F119S,0.9786,LPath
F119T,0.9755,LPath
F119V,0.9603,LPath
F119W,0.8971,LPath
F119Y,0.8923,LPath
E120A,0.2353,LBen
E120C,0.871,LPath
E120D,0.1416,LBen
E120F,0.8986,LPath
E120G,0.2759,LBen
E120H,0.45,Amb
E120I,0.6866,LPath
E120K,0.2367,LBen
E120L,0.6489,LPath
E120M,0.768,LPath
E120N,0.3858,Amb
E120P,0.8576,LPath
E120Q,0.1511,LBen
E120R,0.2817,LBen
E120S,0.2621,LBen
E120T,0.3702,Amb
E120V,0.4474,Amb
E120W,0.9342,LPath
E120Y,0.7664,LPath
S121A,0.1901,LBen
S121C,0.3707,Amb
S121D,0.414,Amb
S121E,0.6498,LPath
S121F,0.6837,LPath
S121G,0.1233,LBen
S121H,0.6034,LPath
S121I,0.6686,LPath
S121K,0.8632,LPath
S121L,0.4017,Amb
S121M,0.5108,Amb
S121N,0.2241,LBen
S121P,0.4958,Amb
S121Q,0.7271,LPath
S121R,0.8417,LPath
S121T,0.1219,LBen
S121V,0.5972,LPath
S121W,0.6633,LPath
S121Y,0.5218,Amb
G122A,0.7245,LPath
G122C,0.8597,LPath
G122D,0.5701,LPath
G122E,0.7008,LPath
G122F,0.9879,LPath
G122H,0.8966,LPath
G122I,0.9717,LPath
G122K,0.8906,LPath
G122L,0.9822,LPath
G122M,0.9833,LPath
G122N,0.7499,LPath
G122P,0.9772,LPath
G122Q,0.7926,LPath
G122R,0.7631,LPath
G122S,0.3862,Amb
G122T,0.7796,LPath
G122V,0.9243,LPath
G122W,0.9535,LPath
G122Y,0.9636,LPath
I123A,0.8841,LPath
I123C,0.9016,LPath
I123D,0.9631,LPath
I123E,0.9279,LPath
I123F,0.5792,LPath
I123G,0.9574,LPath
I123H,0.9253,LPath
I123K,0.8626,LPath
I123L,0.4791,Amb
I123M,0.3725,Amb
I123N,0.8097,LPath
I123P,0.7715,LPath
I123Q,0.8847,LPath
I123R,0.7979,LPath
I123S,0.8382,LPath
I123T,0.7923,LPath
I123V,0.2092,LBen
I123W,0.9095,LPath
I123Y,0.8757,LPath
N124A,0.8278,LPath
N124C,0.694,LPath
N124D,0.7194,LPath
N124E,0.9642,LPath
N124F,0.9785,LPath
N124G,0.77,LPath
N124H,0.5129,Amb
N124I,0.9106,LPath
N124K,0.965,LPath
N124L,0.8979,LPath
N124M,0.9284,LPath
N124P,0.9328,LPath
N124Q,0.9282,LPath
N124R,0.9267,LPath
N124S,0.1198,LBen
N124T,0.2842,LBen
N124V,0.8775,LPath
N124W,0.9888,LPath
N124Y,0.8361,LPath
W125A,0.9326,LPath
W125C,0.9855,LPath
W125D,0.984,LPath
W125E,0.9708,LPath
W125F,0.6821,LPath
W125G,0.8398,LPath
W125H,0.9676,LPath
W125I,0.9392,LPath
W125K,0.985,LPath
W125L,0.7976,LPath
W125M,0.9421,LPath
W125N,0.9882,LPath
W125P,0.9726,LPath
W125Q,0.9675,LPath
W125R,0.9602,LPath
W125S,0.9148,LPath
W125T,0.8955,LPath
W125V,0.916,LPath
W125Y,0.8936,LPath
G126A,0.8685,LPath
G126C,0.949,LPath
G126D,0.9758,LPath
G126E,0.9576,LPath
G126F,0.9844,LPath
G126H,0.9919,LPath
G126I,0.9738,LPath
G126K,0.9903,LPath
G126L,0.9817,LPath
G126M,0.9878,LPath
G126N,0.985,LPath
G126P,0.9889,LPath
G126Q,0.9756,LPath
G126R,0.9734,LPath
G126S,0.8616,LPath
G126T,0.9544,LPath
G126V,0.9448,LPath
G126W,0.9567,LPath
G126Y,0.9761,LPath
R127A,0.9673,LPath
R127C,0.7811,LPath
R127D,0.9883,LPath
R127E,0.9213,LPath
R127F,0.9911,LPath
R127G,0.9405,LPath
R127H,0.7542,LPath
R127I,0.9682,LPath
R127K,0.7456,LPath
R127L,0.9187,LPath
R127M,0.9761,LPath
R127N,0.976,LPath
R127P,0.9827,LPath
R127Q,0.6261,LPath
R127S,0.975,LPath
R127T,0.9633,LPath
R127V,0.9637,LPath
R127W,0.8579,LPath
R127Y,0.9708,LPath
V128A,0.8144,LPath
V128C,0.9702,LPath
V128D,0.9757,LPath
V128E,0.9358,LPath
V128F,0.8484,LPath
V128G,0.8134,LPath
V128H,0.9906,LPath
V128I,0.1586,LBen
V128K,0.9743,LPath
V128L,0.8297,LPath
V128M,0.8,LPath
V128N,0.9656,LPath
V128P,0.97,LPath
V128Q,0.956,LPath
V128R,0.9552,LPath
V128S,0.9155,LPath
V128T,0.7768,LPath
V128W,0.9925,LPath
V128Y,0.9799,LPath
V129A,0.4077,Amb
V129C,0.9262,LPath
V129D,0.9783,LPath
V129E,0.9447,LPath
V129F,0.7287,LPath
V129G,0.628,LPath
V129H,0.9853,LPath
V129I,0.1466,LBen
V129K,0.9718,LPath
V129L,0.6113,LPath
V129M,0.6305,LPath
V129N,0.9525,LPath
V129P,0.9341,LPath
V129Q,0.9334,LPath
V129R,0.9358,LPath
V129S,0.728,LPath
V129T,0.5563,Amb
V129W,0.9854,LPath
V129Y,0.9679,LPath
A130C,0.7873,LPath
A130D,0.9821,LPath
A130E,0.9753,LPath
A130F,0.8411,LPath
A130G,0.5656,LPath
A130H,0.9708,LPath
A130I,0.8127,LPath
A130K,0.9906,LPath
A130L,0.6391,LPath
A130M,0.7675,LPath
A130N,0.9546,LPath
A130P,0.9455,LPath
A130Q,0.9369,LPath
A130R,0.9533,LPath
A130S,0.3439,Amb
A130T,0.489,Amb
A130V,0.5636,Amb
A130W,0.9762,LPath
A130Y,0.9503,LPath
L131A,0.9233,LPath
L131C,0.9425,LPath
L131D,0.9977,LPath
L131E,0.9892,LPath
L131F,0.6246,LPath
L131G,0.9775,LPath
L131H,0.9731,LPath
L131I,0.5132,Amb
L131K,0.9823,LPath
L131M,0.4914,Amb
L131N,0.9885,LPath
L131P,0.9807,LPath
L131Q,0.9569,LPath
L131R,0.9561,LPath
L131S,0.9741,LPath
L131T,0.9328,LPath
L131V,0.4352,Amb
L131W,0.9267,LPath
L131Y,0.9612,LPath
L132A,0.8807,LPath
L132C,0.9153,LPath
L132D,0.9973,LPath
L132E,0.9805,LPath
L132F,0.4253,Amb
L132G,0.9698,LPath
L132H,0.9497,LPath
L132I,0.434,Amb
L132K,0.9742,LPath
L132M,0.3294,LBen
L132N,0.987,LPath
L132P,0.9533,LPath
L132Q,0.9244,LPath
L132R,0.9345,LPath
L132S,0.9688,LPath
L132T,0.896,LPath
L132V,0.4769,Amb
L132W,0.8082,LPath
L132Y,0.9252,LPath
G133A,0.1987,LBen
G133C,0.3788,Amb
G133D,0.9076,LPath
G133E,0.9196,LPath
G133F,0.9499,LPath
G133H,0.9222,LPath
G133I,0.839,LPath
G133K,0.9897,LPath
G133L,0.8623,LPath
G133M,0.9036,LPath
G133N,0.8223,LPath
G133P,0.9889,LPath
G133Q,0.9264,LPath
G133R,0.9634,LPath
G133S,0.1477,LBen
G133T,0.4464,Amb
G133V,0.6553,LPath
G133W,0.9273,LPath
G133Y,0.9128,LPath
F134A,0.9776,LPath
F134C,0.9545,LPath
F134D,0.9938,LPath
F134E,0.9949,LPath
F134G,0.9815,LPath
F134H,0.9846,LPath
F134I,0.9298,LPath
F134K,0.9948,LPath
F134L,0.9912,LPath
F134M,0.9618,LPath
F134N,0.9886,LPath
F134P,0.999,LPath
F134Q,0.9913,LPath
F134R,0.982,LPath
F134S,0.9761,LPath
F134T,0.9772,LPath
F134V,0.9084,LPath
F134W,0.8701,LPath
F134Y,0.759,LPath
G135A,0.4306,Amb
G135C,0.7572,LPath
G135D,0.9851,LPath
G135E,0.9851,LPath
G135F,0.9841,LPath
G135H,0.9902,LPath
G135I,0.956,LPath
G135K,0.9957,LPath
G135L,0.9641,LPath
G135M,0.9844,LPath
G135N,0.9849,LPath
G135P,0.9934,LPath
G135Q,0.9778,LPath
G135R,0.975,LPath
G135S,0.4076,Amb
G135T,0.8106,LPath
G135V,0.9084,LPath
G135W,0.9751,LPath
G135Y,0.9875,LPath
Y136A,0.961,LPath
Y136C,0.7042,LPath
Y136D,0.9629,LPath
Y136E,0.9882,LPath
Y136F,0.3462,Amb
Y136G,0.8648,LPath
Y136H,0.8747,LPath
Y136I,0.9795,LPath
Y136K,0.989,LPath
Y136L,0.9258,LPath
Y136M,0.9778,LPath
Y136N,0.8981,LPath
Y136P,0.9907,LPath
Y136Q,0.978,LPath
Y136R,0.9633,LPath
Y136S,0.8185,LPath
Y136T,0.9703,LPath
Y136V,0.942,LPath
Y136W,0.7093,LPath
R137A,0.9253,LPath
R137C,0.4217,Amb
R137D,0.9645,LPath
R137E,0.8124,LPath
R137F,0.9525,LPath
R137G,0.8201,LPath
R137H,0.3193,LBen
R137I,0.9035,LPath
R137K,0.4438,Amb
R137L,0.7887,LPath
R137M,0.9335,LPath
R137N,0.9483,LPath
R137P,0.9769,LPath
R137Q,0.2692,LBen
R137S,0.9147,LPath
R137T,0.8922,LPath
R137V,0.8932,LPath
R137W,0.6443,LPath
R137Y,0.8478,LPath
L138A,0.8979,LPath
L138C,0.9083,LPath
L138D,0.9969,LPath
L138E,0.9744,LPath
L138F,0.562,Amb
L138G,0.9726,LPath
L138H,0.945,LPath
L138I,0.3466,Amb
L138K,0.9541,LPath
L138M,0.2059,LBen
L138N,0.9807,LPath
L138P,0.9806,LPath
L138Q,0.8833,LPath
L138R,0.9197,LPath
L138S,0.967,LPath
L138T,0.8838,LPath
L138V,0.324,LBen
L138W,0.8376,LPath
L138Y,0.9278,LPath
A139C,0.6826,LPath
A139D,0.9581,LPath
A139E,0.9524,LPath
A139F,0.8162,LPath
A139G,0.314,LBen
A139H,0.9384,LPath
A139I,0.7969,LPath
A139K,0.9813,LPath
A139L,0.6698,LPath
A139M,0.7713,LPath
A139N,0.933,LPath
A139P,0.9507,LPath
A139Q,0.8887,LPath
A139R,0.9376,LPath
A139S,0.1879,LBen
A139T,0.4519,Amb
A139V,0.4704,Amb
A139W,0.9647,LPath
A139Y,0.9202,LPath
L140A,0.438,Amb
L140C,0.516,Amb
L140D,0.913,LPath
L140E,0.5478,Amb
L140F,0.2829,LBen
L140G,0.7135,LPath
L140H,0.3751,Amb
L140I,0.1142,LBen
L140K,0.3376,LBen
L140M,0.1329,LBen
L140N,0.6822,LPath
L140P,0.9371,LPath
L140Q,0.173,LBen
L140R,0.1933,LBen
L140S,0.5124,Amb
L140T,0.4053,Amb
L140V,0.0989,LBen
L140W,0.316,LBen
L140Y,0.5531,Amb
H141A,0.6593,LPath
H141C,0.4459,Amb
H141D,0.6521,LPath
H141E,0.6667,LPath
H141F,0.3869,Amb
H141G,0.7575,LPath
H141I,0.7659,LPath
H141K,0.5911,LPath
H141L,0.4176,Amb
H141M,0.8185,LPath
H141N,0.3943,Amb
H141P,0.8543,LPath
H141Q,0.4526,Amb
H141R,0.2674,LBen
H141S,0.5896,LPath
H141T,0.6641,LPath
H141V,0.6437,LPath
H141W,0.4581,Amb
H141Y,0.1082,LBen
V142A,0.5483,Amb
V142C,0.7502,LPath
V142D,0.9095,LPath
V142E,0.8388,LPath
V142F,0.4597,Amb
V142G,0.6171,LPath
V142H,0.8615,LPath
V142I,0.1161,LBen
V142K,0.7752,LPath
V142L,0.5901,LPath
V142M,0.4956,Amb
V142N,0.7627,LPath
V142P,0.9678,LPath
V142Q,0.7324,LPath
V142R,0.6193,LPath
V142S,0.6661,LPath
V142T,0.549,Amb
V142W,0.9354,LPath
V142Y,0.8158,LPath
Y143A,0.7956,LPath
Y143C,0.3462,Amb
Y143D,0.8406,LPath
Y143E,0.9272,LPath
Y143F,0.1498,LBen
Y143G,0.7857,LPath
Y143H,0.3585,Amb
Y143I,0.8256,LPath
Y143K,0.8788,LPath
Y143L,0.7596,LPath
Y143M,0.8679,LPath
Y143N,0.6856,LPath
Y143P,0.9744,LPath
Y143Q,0.7582,LPath
Y143R,0.6683,LPath
Y143S,0.5471,Amb
Y143T,0.8453,LPath
Y143V,0.7227,LPath
Y143W,0.4041,Amb
Q144A,0.3368,LBen
Q144C,0.6278,LPath
Q144D,0.5274,Amb
Q144E,0.1065,LBen
Q144F,0.859,LPath
Q144G,0.2647,LBen
Q144H,0.2615,LBen
Q144I,0.67,LPath
Q144K,0.1182,LBen
Q144L,0.2618,LBen
Q144M,0.6256,LPath
Q144N,0.4302,Amb
Q144P,0.6735,LPath
Q144R,0.0734,LBen
Q144S,0.3608,Amb
Q144T,0.3348,LBen
Q144V,0.4862,Amb
Q144W,0.5992,LPath
Q144Y,0.6422,LPath
H145A,0.2288,LBen
H145C,0.1245,LBen
H145D,0.2431,LBen
H145E,0.1837,LBen
H145F,0.3807,Amb
H145G,0.1731,LBen
H145I,0.3868,Amb
H145K,0.1366,LBen
H145L,0.1495,LBen
H145M,0.4334,Amb
H145N,0.1224,LBen
H145P,0.5171,Amb
H145Q,0.088,LBen
H145R,0.0543,LBen
H145S,0.1922,LBen
H145T,0.2137,LBen
H145V,0.2775,LBen
H145W,0.2597,LBen
H145Y,0.1565,LBen
G146A,0.5946,LPath
G146C,0.6197,LPath
G146D,0.472,Amb
G146E,0.5954,LPath
G146F,0.9613,LPath
G146H,0.583,LPath
G146I,0.9108,LPath
G146K,0.6372,LPath
G146L,0.9366,LPath
G146M,0.9439,LPath
G146N,0.5322,Amb
G146P,0.9642,LPath
G146Q,0.5197,Amb
G146R,0.4755,Amb
G146S,0.2548,LBen
G146T,0.6765,LPath
G146V,0.8496,LPath
G146W,0.8814,LPath
G146Y,0.871,LPath
L147A,0.3807,Amb
L147C,0.4566,Amb
L147D,0.7323,LPath
L147E,0.3534,Amb
L147F,0.1499,LBen
L147G,0.6244,LPath
L147H,0.2034,LBen
L147I,0.1197,LBen
L147K,0.2187,LBen
L147M,0.129,LBen
L147N,0.5091,Amb
L147P,0.5874,LPath
L147Q,0.1363,LBen
L147R,0.1246,LBen
L147S,0.4721,Amb
L147T,0.4271,Amb
L147V,0.1092,LBen
L147W,0.2277,LBen
L147Y,0.3531,Amb
T148A,0.0849,LBen
T148C,0.3293,LBen
T148D,0.2679,LBen
T148E,0.1926,LBen
T148F,0.3076,LBen
T148G,0.1606,LBen
T148H,0.1283,LBen
T148I,0.2513,LBen
T148K,0.0959,LBen
T148L,0.1304,LBen
T148M,0.1219,LBen
T148N,0.1321,LBen
T148P,0.0658,LBen
T148Q,0.1134,LBen
T148R,0.0703,LBen
T148S,0.0989,LBen
T148V,0.1771,LBen
T148W,0.422,Amb
T148Y,0.2606,LBen
G149A,0.4006,Amb
G149C,0.5608,Amb
G149D,0.434,Amb
G149E,0.6175,LPath
G149F,0.9197,LPath
G149H,0.6877,LPath
G149I,0.865,LPath
G149K,0.8194,LPath
G149L,0.8678,LPath
G149M,0.8976,LPath
G149N,0.5322,Amb
G149P,0.9234,LPath
G149Q,0.6834,LPath
G149R,0.6165,LPath
G149S,0.2332,LBen
G149T,0.525,Amb
G149V,0.7253,LPath
G149W,0.8149,LPath
G149Y,0.8257,LPath
F150A,0.9696,LPath
F150C,0.8901,LPath
F150D,0.9881,LPath
F150E,0.9887,LPath
F150G,0.98,LPath
F150H,0.9543,LPath
F150I,0.8076,LPath
F150K,0.988,LPath
F150L,0.9873,LPath
F150M,0.927,LPath
F150N,0.9707,LPath
F150P,0.997,LPath
F150Q,0.9774,LPath
F150R,0.9711,LPath
F150S,0.953,LPath
F150T,0.9675,LPath
F150V,0.7995,LPath
F150W,0.8638,LPath
F150Y,0.5656,LPath
L151A,0.7459,LPath
L151C,0.8572,LPath
L151D,0.9914,LPath
L151E,0.9524,LPath
L151F,0.309,LBen
L151G,0.9366,LPath
L151H,0.8513,LPath
L151I,0.2099,LBen
L151K,0.93,LPath
L151M,0.3244,LBen
L151N,0.9744,LPath
L151P,0.7186,LPath
L151Q,0.8024,LPath
L151R,0.7875,LPath
L151S,0.8944,LPath
L151T,0.7107,LPath
L151V,0.2347,LBen
L151W,0.6413,LPath
L151Y,0.8726,LPath
G152A,0.1384,LBen
G152C,0.2096,LBen
G152D,0.2336,LBen
G152E,0.2009,LBen
G152F,0.596,LPath
G152H,0.3035,LBen
G152I,0.3703,Amb
G152K,0.3724,Amb
G152L,0.4116,Amb
G152M,0.5634,Amb
G152N,0.3297,LBen
G152P,0.578,LPath
G152Q,0.2585,LBen
G152R,0.2169,LBen
G152S,0.1169,LBen
G152T,0.1812,LBen
G152V,0.2153,LBen
G152W,0.3743,Amb
G152Y,0.42,Amb
Q153A,0.1842,LBen
Q153C,0.4737,Amb
Q153D,0.2537,LBen
Q153E,0.0856,LBen
Q153F,0.5693,LPath
Q153G,0.2342,LBen
Q153H,0.1347,LBen
Q153I,0.3269,LBen
Q153K,0.0691,LBen
Q153L,0.1112,LBen
Q153M,0.2861,LBen
Q153N,0.2247,LBen
Q153P,0.1901,LBen
Q153R,0.0711,LBen
Q153S,0.2118,LBen
Q153T,0.1609,LBen
Q153V,0.2068,LBen
Q153W,0.3505,Amb
Q153Y,0.3565,Amb
V154A,0.6743,LPath
V154C,0.9348,LPath
V154D,0.9669,LPath
V154E,0.9031,LPath
V154F,0.7309,LPath
V154G,0.6547,LPath
V154H,0.9808,LPath
V154I,0.1527,LBen
V154K,0.9463,LPath
V154L,0.6066,LPath
V154M,0.6016,LPath
V154N,0.9342,LPath
V154P,0.9715,LPath
V154Q,0.9179,LPath
V154R,0.9284,LPath
V154S,0.858,LPath
V154T,0.7035,LPath
V154W,0.9871,LPath
V154Y,0.9469,LPath
T155A,0.1277,LBen
T155C,0.4407,Amb
T155D,0.8191,LPath
T155E,0.6645,LPath
T155F,0.7341,LPath
T155G,0.3455,Amb
T155H,0.65,LPath
T155I,0.431,Amb
T155K,0.6539,LPath
T155L,0.3285,LBen
T155M,0.1982,LBen
T155N,0.3954,Amb
T155P,0.4939,Amb
T155Q,0.5374,Amb
T155R,0.5509,Amb
T155S,0.2061,LBen
T155V,0.2979,LBen
T155W,0.8984,LPath
T155Y,0.7677,LPath
R156A,0.1765,LBen
R156C,0.1097,LBen
R156D,0.2565,LBen
R156E,0.2093,LBen
R156F,0.3819,Amb
R156G,0.0988,LBen
R156H,0.0763,LBen
R156I,0.257,LBen
R156K,0.1303,LBen
R156L,0.1675,LBen
R156M,0.3069,LBen
R156N,0.2356,LBen
R156P,0.6539,LPath
R156Q,0.0843,LBen
R156S,0.1612,LBen
R156T,0.1377,LBen
R156V,0.2324,LBen
R156W,0.1828,LBen
R156Y,0.2385,LBen
F157A,0.8906,LPath
F157C,0.7128,LPath
F157D,0.9344,LPath
F157E,0.9609,LPath
F157G,0.9259,LPath
F157H,0.8003,LPath
F157I,0.74,LPath
F157K,0.9667,LPath
F157L,0.9194,LPath
F157M,0.7698,LPath
F157N,0.8722,LPath
F157P,0.9964,LPath
F157Q,0.9236,LPath
F157R,0.9236,LPath
F157S,0.8465,LPath
F157T,0.9234,LPath
F157V,0.7608,LPath
F157W,0.4493,Amb
F157Y,0.2004,LBen
V158A,0.5953,LPath
V158C,0.9001,LPath
V158D,0.9707,LPath
V158E,0.9083,LPath
V158F,0.5216,Amb
V158G,0.7401,LPath
V158H,0.9725,LPath
V158I,0.1045,LBen
V158K,0.9535,LPath
V158L,0.2997,LBen
V158M,0.264,LBen
V158N,0.9304,LPath
V158P,0.9722,LPath
V158Q,0.8742,LPath
V158R,0.9206,LPath
V158S,0.7619,LPath
V158T,0.4837,Amb
V158W,0.9741,LPath
V158Y,0.9627,LPath
V159A,0.0648,LBen
V159C,0.5424,Amb
V159D,0.6028,LPath
V159E,0.4375,Amb
V159F,0.4451,Amb
V159G,0.1254,LBen
V159H,0.6632,LPath
V159I,0.1415,LBen
V159K,0.4801,Amb
V159L,0.4002,Amb
V159M,0.2625,LBen
V159N,0.4282,Amb
V159P,0.7895,LPath
V159Q,0.3947,Amb
V159R,0.3309,LBen
V159S,0.1107,LBen
V159T,0.0946,LBen
V159W,0.8549,LPath
V159Y,0.7366,LPath
D160A,0.2002,LBen
D160C,0.6057,LPath
D160E,0.1703,LBen
D160F,0.6307,LPath
D160G,0.1967,LBen
D160H,0.2387,LBen
D160I,0.5106,Amb
D160K,0.3741,Amb
D160L,0.4906,Amb
D160M,0.6852,LPath
D160N,0.1256,LBen
D160P,0.8474,LPath
D160Q,0.2604,LBen
D160R,0.2922,LBen
D160S,0.1499,LBen
D160T,0.2535,LBen
D160V,0.3011,LBen
D160W,0.8163,LPath
D160Y,0.2759,LBen
F161A,0.8096,LPath
F161C,0.4955,Amb
F161D,0.9647,LPath
F161E,0.969,LPath
F161G,0.9287,LPath
F161H,0.8269,LPath
F161I,0.3444,Amb
F161K,0.9763,LPath
F161L,0.9282,LPath
F161M,0.7121,LPath
F161N,0.9009,LPath
F161P,0.9968,LPath
F161Q,0.9486,LPath
F161R,0.9381,LPath
F161S,0.777,LPath
F161T,0.6926,LPath
F161V,0.2597,LBen
F161W,0.7464,LPath
F161Y,0.2437,LBen
M162A,0.8116,LPath
M162C,0.8341,LPath
M162D,0.9934,LPath
M162E,0.961,LPath
M162F,0.5994,LPath
M162G,0.9522,LPath
M162H,0.9542,LPath
M162I,0.4226,Amb
M162K,0.923,LPath
M162L,0.1531,LBen
M162N,0.9499,LPath
M162P,0.9579,LPath
M162Q,0.8388,LPath
M162R,0.9158,LPath
M162S,0.8478,LPath
M162T,0.6023,LPath
M162V,0.1048,LBen
M162W,0.9549,LPath
M162Y,0.9516,LPath
L163A,0.3286,LBen
L163C,0.4748,Amb
L163D,0.703,LPath
L163E,0.2996,LBen
L163F,0.2667,LBen
L163G,0.4328,Amb
L163H,0.2552,LBen
L163I,0.1312,LBen
L163K,0.2074,LBen
L163M,0.165,LBen
L163N,0.4385,Amb
L163P,0.7334,LPath
L163Q,0.1161,LBen
L163R,0.1077,LBen
L163S,0.3982,Amb
L163T,0.2764,LBen
L163V,0.1006,LBen
L163W,0.3094,LBen
L163Y,0.4727,Amb
H164A,0.2038,LBen
H164C,0.1559,LBen
H164D,0.1601,LBen
H164E,0.1415,LBen
H164F,0.3681,Amb
H164G,0.1698,LBen
H164I,0.3313,LBen
H164K,0.1287,LBen
H164L,0.1345,LBen
H164M,0.4511,Amb
H164N,0.1088,LBen
H164P,0.3047,LBen
H164Q,0.0881,LBen
H164R,0.0583,LBen
H164S,0.1598,LBen
H164T,0.1776,LBen
H164V,0.2391,LBen
H164W,0.297,LBen
H164Y,0.132,LBen
H165A,0.459,Amb
H165C,0.2319,LBen
H165D,0.3899,Amb
H165E,0.3744,Amb
H165F,0.4667,Amb
H165G,0.3348,LBen
H165I,0.6117,LPath
H165K,0.3464,Amb
H165L,0.3098,LBen
H165M,0.7283,LPath
H165N,0.1075,LBen
H165P,0.5187,Amb
H165Q,0.2412,LBen
H165R,0.1077,LBen
H165S,0.286,LBen
H165T,0.433,Amb
H165V,0.5077,Amb
H165W,0.4616,Amb
H165Y,0.1401,LBen
C166A,0.208,LBen
C166D,0.1585,LBen
C166E,0.2836,LBen
C166F,0.2269,LBen
C166G,0.0503,LBen
C166H,0.1439,LBen
C166I,0.6255,LPath
C166K,0.2723,LBen
C166L,0.4737,Amb
C166M,0.6182,LPath
C166N,0.1507,LBen
C166P,0.6745,LPath
C166Q,0.1694,LBen
C166R,0.093,LBen
C166S,0.1163,LBen
C166T,0.2961,LBen
C166V,0.4511,Amb
C166W,0.3299,LBen
C166Y,0.1436,LBen
I167A,0.8238,LPath
I167C,0.957,LPath
I167D,0.9884,LPath
I167E,0.974,LPath
I167F,0.6849,LPath
I167G,0.9687,LPath
I167H,0.9688,LPath
I167K,0.9386,LPath
I167L,0.4008,Amb
I167M,0.4582,Amb
I167N,0.943,LPath
I167P,0.9155,LPath
I167Q,0.953,LPath
I167R,0.9074,LPath
I167S,0.8749,LPath
I167T,0.7461,LPath
I167V,0.1795,LBen
I167W,0.976,LPath
I167Y,0.9611,LPath
A168C,0.5672,LPath
A168D,0.911,LPath
A168E,0.8684,LPath
A168F,0.759,LPath
A168G,0.3152,LBen
A168H,0.8909,LPath
A168I,0.5525,Amb
A168K,0.9533,LPath
A168L,0.5044,Amb
A168M,0.6387,LPath
A168N,0.8283,LPath
A168P,0.582,LPath
A168Q,0.8233,LPath
A168R,0.8641,LPath
A168S,0.158,LBen
A168T,0.185,LBen
A168V,0.2343,LBen
A168W,0.9431,LPath
A168Y,0.8779,LPath
R169A,0.2406,LBen
R169C,0.1756,LBen
R169D,0.4427,Amb
R169E,0.2085,LBen
R169F,0.57,LPath
R169G,0.1097,LBen
R169H,0.1146,LBen
R169I,0.3963,Amb
R169K,0.1314,LBen
R169L,0.2143,LBen
R169M,0.4076,Amb
R169N,0.3948,Amb
R169P,0.4312,Amb
R169Q,0.0737,LBen
R169S,0.2542,LBen
R169T,0.2107,LBen
R169V,0.3415,Amb
R169W,0.196,LBen
R169Y,0.3821,Amb
W170A,0.9791,LPath
W170C,0.9871,LPath
W170D,0.9855,LPath
W170E,0.9845,LPath
W170F,0.7425,LPath
W170G,0.9184,LPath
W170H,0.9709,LPath
W170I,0.987,LPath
W170K,0.9954,LPath
W170L,0.9626,LPath
W170M,0.9872,LPath
W170N,0.991,LPath
W170P,0.9955,LPath
W170Q,0.9909,LPath
W170R,0.9898,LPath
W170S,0.9599,LPath
W170T,0.9801,LPath
W170V,0.9797,LPath
W170Y,0.8889,LPath
I171A,0.9564,LPath
I171C,0.9931,LPath
I171D,0.997,LPath
I171E,0.9837,LPath
I171F,0.8872,LPath
I171G,0.9931,LPath
I171H,0.9925,LPath
I171K,0.9722,LPath
I171L,0.5763,LPath
I171M,0.4872,Amb
I171N,0.9743,LPath
I171P,0.9847,LPath
I171Q,0.9772,LPath
I171R,0.9628,LPath
I171S,0.9789,LPath
I171T,0.9664,LPath
I171V,0.4842,Amb
I171W,0.9929,LPath
I171Y,0.9848,LPath
A172C,0.5166,Amb
A172D,0.7249,LPath
A172E,0.5281,Amb
A172F,0.6108,LPath
A172G,0.2539,LBen
A172H,0.63,LPath
A172I,0.4931,Amb
A172K,0.7657,LPath
A172L,0.478,Amb
A172M,0.5325,Amb
A172N,0.6171,LPath
A172P,0.9506,LPath
A172Q,0.4719,Amb
A172R,0.5622,Amb
A172S,0.09,LBen
A172T,0.1901,LBen
A172V,0.2204,LBen
A172W,0.8767,LPath
A172Y,0.6952,LPath
Q173A,0.2216,LBen
Q173C,0.7359,LPath
Q173D,0.2466,LBen
Q173E,0.0682,LBen
Q173F,0.8196,LPath
Q173G,0.1987,LBen
Q173H,0.3134,LBen
Q173I,0.6274,LPath
Q173K,0.1411,LBen
Q173L,0.2046,LBen
Q173M,0.5144,Amb
Q173N,0.3046,LBen
Q173P,0.6677,LPath
Q173R,0.1202,LBen
Q173S,0.2465,LBen
Q173T,0.3045,LBen
Q173V,0.4107,Amb
Q173W,0.6273,LPath
Q173Y,0.6362,LPath
R174A,0.4661,Amb
R174C,0.2397,LBen
R174D,0.6092,LPath
R174E,0.2079,LBen
R174F,0.8157,LPath
R174G,0.2743,LBen
R174H,0.1104,LBen
R174I,0.5603,Amb
R174K,0.1412,LBen
R174L,0.4162,Amb
R174M,0.4489,Amb
R174N,0.3739,Amb
R174P,0.8325,LPath
R174Q,0.0703,LBen
R174S,0.4168,Amb
R174T,0.3494,Amb
R174V,0.5853,LPath
R174W,0.3138,LBen
R174Y,0.5565,Amb
G175A,0.897,LPath
G175C,0.9339,LPath
G175D,0.8114,LPath
G175E,0.8857,LPath
G175F,0.9926,LPath
G175H,0.9606,LPath
G175I,0.9863,LPath
G175K,0.9455,LPath
G175L,0.9883,LPath
G175M,0.992,LPath
G175N,0.9159,LPath
G175P,0.9921,LPath
G175Q,0.9188,LPath
G175R,0.8989,LPath
G175S,0.7502,LPath
G175T,0.9435,LPath
G175V,0.966,LPath
G175W,0.9721,LPath
G175Y,0.9749,LPath
G176A,0.9238,LPath
G176C,0.9482,LPath
G176D,0.9443,LPath
G176E,0.9726,LPath
G176F,0.9869,LPath
G176H,0.983,LPath
G176I,0.9836,LPath
G176K,0.9832,LPath
G176L,0.985,LPath
G176M,0.9934,LPath
G176N,0.9644,LPath
G176P,0.995,LPath
G176Q,0.9742,LPath
G176R,0.9526,LPath
G176S,0.7968,LPath
G176T,0.9418,LPath
G176V,0.9701,LPath
G176W,0.9685,LPath
G176Y,0.9793,LPath
W177A,0.9892,LPath
W177C,0.9973,LPath
W177D,0.9968,LPath
W177E,0.9943,LPath
W177F,0.8507,LPath
W177G,0.9528,LPath
W177H,0.9953,LPath
W177I,0.9892,LPath
W177K,0.9983,LPath
W177L,0.9677,LPath
W177M,0.9921,LPath
W177N,0.9977,LPath
W177P,0.9911,LPath
W177Q,0.998,LPath
W177R,0.9954,LPath
W177S,0.9834,LPath
W177T,0.9907,LPath
W177V,0.9886,LPath
W177Y,0.9631,LPath
V178A,0.1495,LBen
V178C,0.809,LPath
V178D,0.3056,LBen
V178E,0.1252,LBen
V178F,0.3431,Amb
V178G,0.1539,LBen
V178H,0.6131,LPath
V178I,0.1725,LBen
V178K,0.2586,LBen
V178L,0.3612,Amb
V178M,0.2783,LBen
V178N,0.3792,Amb
V178P,0.5864,LPath
V178Q,0.2003,LBen
V178R,0.2122,LBen
V178S,0.2456,LBen
V178T,0.2338,LBen
V178W,0.8142,LPath
V178Y,0.6062,LPath
A179C,0.7474,LPath
A179D,0.5339,Amb
A179E,0.451,Amb
A179F,0.7217,LPath
A179G,0.2384,LBen
A179H,0.7375,LPath
A179I,0.797,LPath
A179K,0.7947,LPath
A179L,0.6061,LPath
A179M,0.6444,LPath
A179N,0.6157,LPath
A179P,0.8378,LPath
A179Q,0.5288,Amb
A179R,0.6319,LPath
A179S,0.1368,LBen
A179T,0.3543,Amb
A179V,0.4585,Amb
A179W,0.9016,LPath
A179Y,0.7626,LPath
A180C,0.6915,LPath
A180D,0.9598,LPath
A180E,0.9225,LPath
A180F,0.635,LPath
A180G,0.4543,Amb
A180H,0.9447,LPath
A180I,0.4964,Amb
A180K,0.9724,LPath
A180L,0.5303,Amb
A180M,0.6399,LPath
A180N,0.9305,LPath
A180P,0.8196,LPath
A180Q,0.8885,LPath
A180R,0.9025,LPath
A180S,0.3388,LBen
A180T,0.4328,Amb
A180V,0.2333,LBen
A180W,0.9424,LPath
A180Y,0.8679,LPath
L181A,0.4967,Amb
L181C,0.6739,LPath
L181D,0.9084,LPath
L181E,0.4738,Amb
L181F,0.39,Amb
L181G,0.6968,LPath
L181H,0.5824,LPath
L181I,0.2027,LBen
L181K,0.3584,Amb
L181M,0.1605,LBen
L181N,0.7422,LPath
L181P,0.8175,LPath
L181Q,0.1941,LBen
L181R,0.2344,LBen
L181S,0.6502,LPath
L181T,0.4505,Amb
L181V,0.1603,LBen
L181W,0.4825,Amb
L181Y,0.6971,LPath
N182A,0.1898,LBen
N182C,0.3906,Amb
N182D,0.0485,LBen
N182E,0.1478,LBen
N182F,0.5769,LPath
N182G,0.1743,LBen
N182H,0.0927,LBen
N182I,0.3929,Amb
N182K,0.197,LBen
N182L,0.3509,Amb
N182M,0.516,Amb
N182P,0.4428,Amb
N182Q,0.1706,LBen
N182R,0.1856,LBen
N182S,0.0846,LBen
N182T,0.1588,LBen
N182V,0.303,LBen
N182W,0.6657,LPath
N182Y,0.195,LBen
L183A,0.3997,Amb
L183C,0.7535,LPath
L183D,0.8441,LPath
L183E,0.5727,LPath
L183F,0.2128,LBen
L183G,0.6697,LPath
L183H,0.4435,Amb
L183I,0.1501,LBen
L183K,0.5109,Amb
L183M,0.1706,LBen
L183N,0.7314,LPath
L183P,0.5136,Amb
L183Q,0.3391,LBen
L183R,0.3027,LBen
L183S,0.6103,LPath
L183T,0.3814,Amb
L183V,0.1364,LBen
L183W,0.2844,LBen
L183Y,0.5056,Amb
G184A,0.134,LBen
G184C,0.3085,LBen
G184D,0.1828,LBen
G184E,0.1823,LBen
G184F,0.5874,LPath
G184H,0.2889,LBen
G184I,0.4022,Amb
G184K,0.31,LBen
G184L,0.4688,Amb
G184M,0.5736,LPath
G184N,0.2744,LBen
G184P,0.4505,Amb
G184Q,0.2313,LBen
G184R,0.1873,LBen
G184S,0.1044,LBen
G184T,0.1584,LBen
G184V,0.2385,LBen
G184W,0.366,Amb
G184Y,0.4295,Amb
N185A,0.2858,LBen
N185C,0.4456,Amb
N185D,0.1552,LBen
N185E,0.3204,LBen
N185F,0.6023,LPath
N185G,0.2277,LBen
N185H,0.1097,LBen
N185I,0.374,Amb
N185K,0.2125,LBen
N185L,0.4048,Amb
N185M,0.5111,Amb
N185P,0.3357,LBen
N185Q,0.2604,LBen
N185R,0.177,LBen
N185S,0.0938,LBen
N185T,0.1927,LBen
N185V,0.3688,Amb
N185W,0.6051,LPath
N185Y,0.1994,LBen
G186A,0.0969,LBen
G186C,0.2114,LBen
G186D,0.1313,LBen
G186E,0.1601,LBen
G186F,0.3271,LBen
G186H,0.1986,LBen
G186I,0.1732,LBen
G186K,0.2554,LBen
G186L,0.2493,LBen
G186M,0.3323,LBen
G186N,0.1658,LBen
G186P,0.4371,Amb
G186Q,0.1984,LBen
G186R,0.1693,LBen
G186S,0.0726,LBen
G186T,0.1066,LBen
G186V,0.1121,LBen
G186W,0.2511,LBen
G186Y,0.2402,LBen
P187A,0.1402,LBen
P187C,0.6901,LPath
P187D,0.5088,Amb
P187E,0.3765,Amb
P187F,0.5466,Amb
P187G,0.329,LBen
P187H,0.2338,LBen
P187I,0.4841,Amb
P187K,0.3734,Amb
P187L,0.2829,LBen
P187M,0.4836,Amb
P187N,0.4164,Amb
P187Q,0.2116,LBen
P187R,0.208,LBen
P187S,0.1648,LBen
P187T,0.1675,LBen
P187V,0.3254,LBen
P187W,0.5303,Amb
P187Y,0.4711,Amb
I188A,0.4998,Amb
I188C,0.7986,LPath
I188D,0.9189,LPath
I188E,0.8869,LPath
I188F,0.1188,LBen
I188G,0.7499,LPath
I188H,0.7534,LPath
I188K,0.7787,LPath
I188L,0.1067,LBen
I188M,0.1512,LBen
I188N,0.672,LPath
I188P,0.7218,LPath
I188Q,0.7905,LPath
I188R,0.6404,LPath
I188S,0.5723,LPath
I188T,0.6381,LPath
I188V,0.0985,LBen
I188W,0.5853,LPath
I188Y,0.4938,Amb
L189A,0.1435,LBen
L189C,0.3017,LBen
L189D,0.6958,LPath
L189E,0.3085,LBen
L189F,0.1067,LBen
L189G,0.1941,LBen
L189H,0.1781,LBen
L189I,0.1013,LBen
L189K,0.0968,LBen
L189M,0.1096,LBen
L189N,0.382,Amb
L189P,0.1696,LBen
L189Q,0.0898,LBen
L189R,0.051,LBen
L189S,0.2338,LBen
L189T,0.1524,LBen
L189V,0.0825,LBen
L189W,0.0818,LBen
L189Y,0.2355,LBen
N190A,0.2217,LBen
N190C,0.3754,Amb
N190D,0.2323,LBen
N190E,0.4644,Amb
N190F,0.4489,Amb
N190G,0.2247,LBen
N190H,0.1113,LBen
N190I,0.2427,LBen
N190K,0.288,LBen
N190L,0.255,LBen
N190M,0.3414,Amb
N190P,0.2987,LBen
N190Q,0.2916,LBen
N190R,0.2899,LBen
N190S,0.0873,LBen
N190T,0.1164,LBen
N190V,0.2275,LBen
N190W,0.4935,Amb
N190Y,0.1261,LBen
V191A,0.3363,LBen
V191C,0.7826,LPath
V191D,0.8596,LPath
V191E,0.7671,LPath
V191F,0.1734,LBen
V191G,0.3213,LBen
V191H,0.8496,LPath
V191I,0.1178,LBen
V191K,0.7598,LPath
V191L,0.2505,LBen
V191M,0.1652,LBen
V191N,0.7347,LPath
V191P,0.8456,LPath
V191Q,0.683,LPath
V191R,0.6801,LPath
V191S,0.4967,Amb
V191T,0.3915,Amb
V191W,0.7229,LPath
V191Y,0.6386,LPath
L192A,0.1372,LBen
L192C,0.3756,Amb
L192D,0.9605,LPath
L192E,0.8385,LPath
L192F,0.1246,LBen
L192G,0.3324,LBen
L192H,0.805,LPath
L192I,0.1129,LBen
L192K,0.818,LPath
L192M,0.0994,LBen
L192N,0.856,LPath
L192P,0.5236,Amb
L192Q,0.6147,LPath
L192R,0.6931,LPath
L192S,0.3729,Amb
L192T,0.2436,LBen
L192V,0.0755,LBen
L192W,0.3223,LBen
L192Y,0.6386,LPath
V193A,0.1028,LBen
V193C,0.5211,Amb
V193D,0.8654,LPath
V193E,0.78,LPath
V193F,0.1225,LBen
V193G,0.1373,LBen
V193H,0.8395,LPath
V193I,0.0899,LBen
V193K,0.7703,LPath
V193L,0.1127,LBen
V193M,0.1273,LBen
V193N,0.7031,LPath
V193P,0.5585,Amb
V193Q,0.6884,LPath
V193R,0.6745,LPath
V193S,0.259,LBen
V193T,0.1672,LBen
V193W,0.6042,LPath
V193Y,0.5918,LPath
V194A,0.2035,LBen
V194C,0.6559,LPath
V194D,0.9413,LPath
V194E,0.9257,LPath
V194F,0.1687,LBen
V194G,0.2532,LBen
V194H,0.945,LPath
V194I,0.0939,LBen
V194K,0.9433,LPath
V194L,0.2032,LBen
V194M,0.2566,LBen
V194N,0.8723,LPath
V194P,0.7322,LPath
V194Q,0.8927,LPath
V194R,0.8921,LPath
V194S,0.4584,Amb
V194T,0.4008,Amb
V194W,0.7991,LPath
V194Y,0.7257,LPath
L195A,0.1577,LBen
L195C,0.4336,Amb
L195D,0.9746,LPath
L195E,0.9115,LPath
L195F,0.133,LBen
L195G,0.3635,Amb
L195H,0.8848,LPath
L195I,0.1245,LBen
L195K,0.9265,LPath
L195M,0.1403,LBen
L195N,0.912,LPath
L195P,0.6422,LPath
L195Q,0.7683,LPath
L195R,0.839,LPath
L195S,0.446,Amb
L195T,0.2593,LBen
L195V,0.0773,LBen
L195W,0.4415,Amb
L195Y,0.7525,LPath
G196A,0.0652,LBen
G196C,0.193,LBen
G196D,0.947,LPath
G196E,0.9443,LPath
G196F,0.4433,Amb
G196H,0.9603,LPath
G196I,0.2515,LBen
G196K,0.9907,LPath
G196L,0.2967,LBen
G196M,0.3661,Amb
G196N,0.8946,LPath
G196P,0.9194,LPath
G196Q,0.9433,LPath
G196R,0.9759,LPath
G196S,0.1479,LBen
G196T,0.1427,LBen
G196V,0.132,LBen
G196W,0.7143,LPath
G196Y,0.8255,LPath
V197A,0.2192,LBen
V197C,0.7169,LPath
V197D,0.9601,LPath
V197E,0.9236,LPath
V197F,0.2013,LBen
V197G,0.2637,LBen
V197H,0.9702,LPath
V197I,0.104,LBen
V197K,0.9566,LPath
V197L,0.19,LBen
V197M,0.1959,LBen
V197N,0.9094,LPath
V197P,0.916,LPath
V197Q,0.9101,LPath
V197R,0.9293,LPath
V197S,0.5199,Amb
V197T,0.3753,Amb
V197W,0.8564,LPath
V197Y,0.8464,LPath
V198A,0.3547,Amb
V198C,0.7916,LPath
V198D,0.9745,LPath
V198E,0.9544,LPath
V198F,0.224,LBen
V198G,0.3518,Amb
V198H,0.9721,LPath
V198I,0.1147,LBen
V198K,0.9649,LPath
V198L,0.258,LBen
V198M,0.3404,Amb
V198N,0.9435,LPath
V198P,0.901,LPath
V198Q,0.9276,LPath
V198R,0.9351,LPath
V198S,0.6553,LPath
V198T,0.5787,LPath
V198W,0.8798,LPath
V198Y,0.8289,LPath
L199A,0.2442,LBen
L199C,0.4677,Amb
L199D,0.9827,LPath
L199E,0.9141,LPath
L199F,0.1355,LBen
L199G,0.4498,Amb
L199H,0.8313,LPath
L199I,0.1373,LBen
L199K,0.8993,LPath
L199M,0.136,LBen
L199N,0.9108,LPath
L199P,0.7961,LPath
L199Q,0.6834,LPath
L199R,0.7986,LPath
L199S,0.5074,Amb
L199T,0.4109,Amb
L199V,0.0922,LBen
L199W,0.437,Amb
L199Y,0.6963,LPath
L200A,0.1891,LBen
L200C,0.4611,Amb
L200D,0.9849,LPath
L200E,0.9404,LPath
L200F,0.1485,LBen
L200G,0.4252,Amb
L200H,0.8973,LPath
L200I,0.128,LBen
L200K,0.9483,LPath
L200M,0.1533,LBen
L200N,0.9379,LPath
L200P,0.7105,LPath
L200Q,0.8035,LPath
L200R,0.8756,LPath
L200S,0.5019,Amb
L200T,0.2668,LBen
L200V,0.0941,LBen
L200W,0.5215,Amb
L200Y,0.7924,LPath
G201A,0.1802,LBen
G201C,0.2655,LBen
G201D,0.9805,LPath
G201E,0.9648,LPath
G201F,0.5428,Amb
G201H,0.9745,LPath
G201I,0.3048,LBen
G201K,0.9904,LPath
G201L,0.3759,Amb
G201M,0.5451,Amb
G201N,0.9598,LPath
G201P,0.9624,LPath
G201Q,0.9534,LPath
G201R,0.9731,LPath
G201S,0.3238,LBen
G201T,0.3485,Amb
G201V,0.1877,LBen
G201W,0.7151,LPath
G201Y,0.8231,LPath
Q202A,0.2923,LBen
Q202C,0.6758,LPath
Q202D,0.694,LPath
Q202E,0.1592,LBen
Q202F,0.6196,LPath
Q202G,0.3129,LBen
Q202H,0.2324,LBen
Q202I,0.4659,Amb
Q202K,0.2157,LBen
Q202L,0.2605,LBen
Q202M,0.4489,Amb
Q202N,0.3299,LBen
Q202P,0.2562,LBen
Q202R,0.1581,LBen
Q202S,0.2677,LBen
Q202T,0.2686,LBen
Q202V,0.3067,LBen
Q202W,0.4665,Amb
Q202Y,0.4017,Amb
F203A,0.4865,Amb
F203C,0.4298,Amb
F203D,0.9168,LPath
F203E,0.8989,LPath
F203G,0.6812,LPath
F203H,0.7546,LPath
F203I,0.2367,LBen
F203K,0.8927,LPath
F203L,0.8,LPath
F203M,0.5586,Amb
F203N,0.8187,LPath
F203P,0.9767,LPath
F203Q,0.8393,LPath
F203R,0.7854,LPath
F203S,0.6157,LPath
F203T,0.5818,LPath
F203V,0.2023,LBen
F203W,0.3499,Amb
F203Y,0.1045,LBen
V204A,0.2695,LBen
V204C,0.792,LPath
V204D,0.975,LPath
V204E,0.932,LPath
V204F,0.2435,LBen
V204G,0.4425,Amb
V204H,0.9523,LPath
V204I,0.1175,LBen
V204K,0.9244,LPath
V204L,0.2971,LBen
V204M,0.3637,Amb
V204N,0.9424,LPath
V204P,0.9044,LPath
V204Q,0.8741,LPath
V204R,0.8376,LPath
V204S,0.6171,LPath
V204T,0.4421,Amb
V204W,0.8749,LPath
V204Y,0.8586,LPath
V205A,0.3221,LBen
V205C,0.6783,LPath
V205D,0.8977,LPath
V205E,0.7819,LPath
V205F,0.1299,LBen
V205G,0.299,LBen
V205H,0.7966,LPath
V205I,0.0906,LBen
V205K,0.7183,LPath
V205L,0.1773,LBen
V205M,0.2354,LBen
V205N,0.7822,LPath
V205P,0.8025,LPath
V205Q,0.6412,LPath
V205R,0.574,LPath
V205S,0.4988,Amb
V205T,0.5122,Amb
V205W,0.5859,LPath
V205Y,0.4835,Amb
R206A,0.4538,Amb
R206C,0.2402,LBen
R206D,0.6618,LPath
R206E,0.372,Amb
R206F,0.5553,Amb
R206G,0.2205,LBen
R206H,0.1358,LBen
R206I,0.4891,Amb
R206K,0.159,LBen
R206L,0.3101,LBen
R206M,0.5348,Amb
R206N,0.5362,Amb
R206P,0.6067,LPath
R206Q,0.1045,LBen
R206S,0.4362,Amb
R206T,0.3939,Amb
R206V,0.4726,Amb
R206W,0.1607,LBen
R206Y,0.3686,Amb
R207A,0.5682,LPath
R207C,0.268,LBen
R207D,0.7896,LPath
R207E,0.5208,Amb
R207F,0.6645,LPath
R207G,0.3366,LBen
R207H,0.1387,LBen
R207I,0.5302,Amb
R207K,0.1876,LBen
R207L,0.4244,Amb
R207M,0.6226,LPath
R207N,0.6158,LPath
R207P,0.7182,LPath
R207Q,0.1517,LBen
R207S,0.5696,LPath
R207T,0.4789,Amb
R207V,0.5491,Amb
R207W,0.2434,LBen
R207Y,0.3949,Amb
F208A,0.7555,LPath
F208C,0.4127,Amb
F208D,0.9664,LPath
F208E,0.9509,LPath
F208G,0.8858,LPath
F208H,0.6754,LPath
F208I,0.371,Amb
F208K,0.9128,LPath
F208L,0.8969,LPath
F208M,0.7422,LPath
F208N,0.8307,LPath
F208P,0.9853,LPath
F208Q,0.8658,LPath
F208R,0.7572,LPath
F208S,0.7772,LPath
F208T,0.826,LPath
F208V,0.3883,Amb
F208W,0.4542,Amb
F208Y,0.1504,LBen
F209A,0.6028,LPath
F209C,0.4055,Amb
F209D,0.9098,LPath
F209E,0.8897,LPath
F209G,0.6507,LPath
F209H,0.6496,LPath
F209I,0.3981,Amb
F209K,0.824,LPath
F209L,0.7339,LPath
F209M,0.6331,LPath
F209N,0.8268,LPath
F209P,0.9201,LPath
F209Q,0.6959,LPath
F209R,0.5706,LPath
F209S,0.5414,Amb
F209T,0.6388,LPath
F209V,0.3326,LBen
F209W,0.2854,LBen
F209Y,0.2811,LBen
K210A,0.2492,LBen
K210C,0.5484,Amb
K210D,0.403,Amb
K210E,0.1817,LBen
K210F,0.6247,LPath
K210G,0.253,LBen
K210H,0.1715,LBen
K210I,0.4429,Amb
K210L,0.3588,Amb
K210M,0.3919,Amb
K210N,0.3102,LBen
K210P,0.2765,LBen
K210Q,0.0919,LBen
K210R,0.0628,LBen
K210S,0.2271,LBen
K210T,0.1563,LBen
K210V,0.3837,Amb
K210W,0.5591,Amb
K210Y,0.4881,Amb
S211A,0.1244,LBen
S211C,0.1997,LBen
S211D,0.346,Amb
S211E,0.4342,Amb
S211F,0.3752,Amb
S211G,0.1497,LBen
S211H,0.3894,Amb
S211I,0.3891,Amb
S211K,0.5414,Amb
S211L,0.2638,LBen
S211M,0.3575,Amb
S211N,0.1888,LBen
S211P,0.2543,LBen
S211Q,0.4342,Amb
S211R,0.5381,Amb
S211T,0.113,LBen
S211V,0.3047,LBen
S211W,0.4312,Amb
S211Y,0.2679,LBen
